INDEX,NAME,Salt_Bridge:GLU84B,Hydrophobic_Interaction:GLU84B,Halogen_Bond:GLN206B,Hydrophobic_Interaction:LEU328B,Water_Bridge:THR201B,Halogen_Bond:SER200B,Hydrophobic_Interaction:TYR435A,Hydrogen_Bond:PRO102B,Hydrophobic_Interaction:TYR398A,Hydrophobic_Interaction:PRO102B,Halogen_Bond:ILE199B,Hydrophobic_Interaction:PHE99B,Hydrogen_Bond:TYR326B,Hydrophobic_Interaction:LEU88B,Hydrogen_Bond:GLN206B,Hydrophobic_Interaction:TRP119B,Hydrophobic_Interaction:ILE199B,Hydrophobic_Interaction:ILE316B,Hydrogen_Bond:GLY101B,Halogen_Bond:GLY101B,Hydrogen_Bond:THR202B,Hydrogen_Bond:SER200B,Hydrophobic_Interaction:LEU167B,Water_Bridge:SER200B,Halogen_Bond:THR202B,Halogen_Bond:LEU164B,Hydrophobic_Interaction:LEU171B,Hydrogen_Bond:ILE199B,Hydrogen_Bond:LEU171B,Hydrogen_Bond:PHE168B,Hydrophobic_Interaction:THR196B,Hydrophobic_Interaction:TYR326B,Water_Bridge:LEU167B,Halogen_Bond:THR201B,Hydrogen_Bond:LEU164B,Hydrophobic_Interaction:PHE168B,Halogen_Bond:GLU84B,Hydrogen_Bond:LEU167B,Water_Bridge:TYR435A,Hydrophobic_Interaction:PHE343A,Hydrophobic_Interaction:THR314B,Water_Bridge:PRO476B,Hydrogen_Bond:THR201B,Halogen_Bond:TYR326B,Water_Bridge:THR202B,Hydrophobic_Interaction:LEU164B,Pi-Stacking:TYR398A,Hydrophobic_Interaction:TYR60A,Hydrogen_Bond:GLU84B,Halogen_Bond:PRO102B,Pi-Stacking:PHE168B,Pi-Stacking:TYR326B,Hydrogen_Bond:ASN203B,Hydrophobic_Interaction:GLN206A,Hydrophobic_Interaction:THR201B,Hydrophobic_Interaction:THR202B,Water_Bridge:GLU84B,Hydrophobic_Interaction:PRO104B,Hydrophobic_Interaction:PHE103B,LABEL
1,CHEMBL583128|actives_final|sdf|78,1,0,0,0,0,0,1,0,1,0,0,1,0,1,0,1,1,1,1,0,0,0,1,0,0,0,1,0,0,0,0,1,0,0,0,1,0,0,1,1,0,0,1,0,2,1,1,1,0,0,0,0,0,1,0,0,2,0,0,active
2,CHEMBL583128|actives_final|sdf|79,1,0,0,0,0,0,1,0,1,0,0,1,0,1,0,1,1,1,1,0,0,0,1,0,0,0,1,0,0,0,0,1,0,0,0,1,0,0,1,1,0,0,1,0,2,1,1,1,0,0,0,0,0,1,0,0,2,0,0,active
3,ZINC32575615|decoys_final|sdf|262,0,0,0,0,0,0,1,0,1,1,0,0,1,1,1,0,1,1,0,0,1,0,0,0,0,0,1,1,0,0,0,1,0,0,0,1,0,0,1,1,0,0,3,0,0,1,1,1,0,0,0,0,0,1,0,0,2,0,0,inactive
4,CHEMBL45069|actives_final|sdf|163,0,0,0,0,0,0,1,0,1,1,0,0,1,1,0,0,1,1,0,0,0,0,1,1,0,0,0,0,0,0,1,1,0,0,0,1,0,0,1,1,1,0,2,0,0,1,1,1,0,0,0,0,0,1,0,0,1,0,1,active
5,ZINC36683565|decoys_final|sdf|17,0,0,0,0,1,0,1,0,1,0,0,1,1,1,0,1,1,1,0,0,0,0,1,0,0,0,1,0,0,0,0,1,0,0,0,1,0,0,1,1,0,0,2,0,0,1,1,1,1,0,0,0,0,1,0,0,0,0,1,inactive
6,ZINC34516025|decoys_final|sdf|197,0,0,0,0,1,0,1,1,1,0,0,0,1,0,0,1,1,1,0,0,0,0,1,0,0,0,1,0,0,0,0,1,0,0,0,1,0,0,1,1,0,0,2,0,0,1,1,1,1,0,1,0,0,1,0,0,0,0,1,inactive
7,ZINC08849448|decoys_final|sdf|257,0,0,0,0,1,0,1,0,1,1,0,0,2,1,0,0,1,1,1,0,0,0,1,1,0,0,1,0,0,0,0,1,0,0,0,1,0,0,1,1,0,0,1,0,0,0,1,1,0,0,0,0,0,1,0,1,0,0,1,inactive
8,CHEMBL294811|actives_final|sdf|15,0,0,0,0,0,0,1,0,1,1,0,0,1,1,1,1,1,1,0,0,0,0,0,2,0,0,1,0,0,0,0,1,0,0,0,1,0,0,1,1,0,0,0,0,1,1,1,1,0,0,0,0,0,1,0,0,0,0,1,active
9,CHEMBL502021|actives_final|sdf|124,0,0,0,0,0,0,1,0,1,1,0,0,1,1,1,1,1,1,0,0,0,0,1,1,0,0,0,0,0,0,0,0,0,0,0,1,0,0,1,1,0,0,1,0,0,1,1,1,0,0,0,0,0,1,0,1,1,0,1,active
10,ZINC20549743|decoys_final|sdf|163,0,0,0,0,0,0,1,0,1,0,0,0,0,1,1,1,1,1,0,0,0,0,0,0,0,0,1,0,0,0,0,1,0,0,0,1,0,0,1,1,0,0,2,0,1,1,1,1,0,0,0,0,0,1,0,0,2,0,1,inactive
11,ZINC36984522|decoys_final|sdf|213,0,0,0,0,0,0,1,0,1,0,0,0,1,1,0,1,1,1,0,0,0,0,1,0,0,0,1,1,0,0,0,1,0,0,0,1,0,0,1,1,0,0,2,0,0,1,1,1,0,0,0,0,0,1,0,0,1,0,1,inactive
12,ZINC21531481|decoys_final|sdf|261,0,0,0,0,0,0,1,0,1,1,0,0,1,1,1,0,1,1,0,0,1,0,1,0,0,0,1,0,0,0,0,1,0,0,0,1,0,0,1,1,1,0,1,0,0,0,1,1,1,0,0,0,0,1,0,0,0,0,1,inactive
13,CHEMBL450239|actives_final|sdf|11,0,0,0,0,0,0,1,0,1,0,0,0,0,0,0,1,1,1,2,0,1,0,1,0,0,0,1,0,0,0,0,1,0,0,0,1,0,0,1,1,0,0,2,0,0,1,1,1,0,0,0,0,0,1,0,0,1,0,0,active
14,CHEMBL145330|actives_final|sdf|12,0,0,0,0,0,0,1,0,1,0,0,0,1,0,0,0,1,1,0,0,0,0,1,0,0,0,1,0,0,0,0,1,0,0,0,1,0,0,1,1,0,0,2,0,2,1,1,1,0,0,0,0,0,1,0,0,2,0,0,active
15,CHEMBL469350|actives_final|sdf|112,0,0,0,0,0,0,1,1,1,0,0,0,1,1,1,1,1,1,0,0,0,0,1,0,0,0,0,0,0,0,0,1,0,0,0,1,0,0,1,1,1,0,0,0,0,1,1,1,0,0,1,0,0,1,0,0,0,0,1,active
16,CHEMBL453369|actives_final|sdf|127,0,1,0,1,0,0,1,0,1,1,0,0,2,1,0,0,1,1,0,0,0,0,1,0,0,0,1,0,0,0,0,1,0,0,0,1,0,0,1,1,1,0,0,0,0,0,1,1,0,0,0,0,0,1,1,0,0,0,0,active
17,CHEMBL1213841|actives_final|sdf|144,0,0,0,0,1,0,1,1,1,1,0,0,1,1,0,0,1,1,1,0,0,0,1,0,0,0,1,0,0,0,0,1,0,0,0,1,0,0,1,1,0,0,0,0,1,1,1,1,0,0,0,0,0,1,0,0,0,0,0,active
18,CHEMBL513549|actives_final|sdf|153,0,0,0,0,0,0,1,1,1,0,0,0,1,0,1,0,1,1,0,0,1,0,1,0,0,0,1,0,0,0,0,1,0,0,0,1,0,0,1,1,0,0,2,0,0,1,1,1,0,0,0,0,0,1,0,0,1,0,0,active
19,CHEMBL17092|actives_final|sdf|155,0,0,0,0,0,0,1,0,1,0,0,1,1,1,0,0,1,1,1,0,2,0,1,0,0,0,1,0,0,0,0,1,0,0,0,1,0,0,1,1,0,0,1,0,0,1,1,1,0,0,0,0,0,1,0,0,0,0,0,active
20,ZINC19731115|decoys_final|sdf|4,0,0,0,0,0,0,1,0,1,0,0,0,1,1,0,0,1,1,0,0,0,0,1,0,0,0,1,0,0,0,0,1,0,0,0,0,0,0,1,1,1,0,3,0,1,0,1,1,0,0,0,1,0,1,0,0,0,0,1,inactive
21,ZINC41181530|decoys_final|sdf|22,0,0,0,0,0,0,1,0,1,1,0,0,2,1,1,0,1,1,0,0,0,0,0,0,0,0,0,0,0,0,0,0,0,0,0,0,0,0,1,1,1,0,2,0,1,0,1,1,0,0,0,0,0,1,0,0,2,0,1,inactive
22,ZINC52212897|decoys_final|sdf|93,0,0,0,0,0,0,1,0,1,0,0,1,2,1,1,0,1,1,0,0,0,0,1,0,0,0,1,0,0,0,0,1,0,0,0,0,0,0,1,1,0,0,1,0,0,1,1,1,0,0,0,0,0,1,0,0,1,0,1,inactive
23,ZINC20252533|decoys_final|sdf|161,0,0,0,0,0,0,1,0,1,0,0,1,1,1,0,0,1,1,0,0,0,0,1,0,0,0,1,0,0,0,0,0,0,0,0,0,0,0,1,1,0,0,2,0,1,1,1,1,1,0,0,0,0,1,0,0,1,0,1,inactive
24,ZINC40909175|decoys_final|sdf|172,0,0,0,0,0,0,1,0,1,0,0,0,1,1,0,1,1,1,0,0,0,0,0,0,0,0,1,0,0,0,0,1,0,0,0,0,0,0,1,1,0,0,3,0,1,1,1,1,0,0,0,0,0,1,0,0,1,0,1,inactive
25,ZINC61120843|decoys_final|sdf|239,0,0,0,0,0,0,1,0,1,0,0,1,2,0,1,1,1,1,0,0,0,0,1,0,0,0,1,0,0,0,0,0,0,0,0,1,0,0,1,1,0,0,1,0,1,0,1,1,0,0,0,0,0,1,0,0,1,0,1,inactive
26,ZINC11820630|decoys_final|sdf|260,0,0,0,0,2,0,1,0,1,1,0,0,0,1,0,1,1,0,0,0,0,1,1,0,0,0,0,1,0,0,0,1,0,0,0,1,0,0,1,1,1,0,1,0,0,1,1,1,0,0,0,0,0,1,0,0,0,0,0,inactive
27,ZINC09686857|decoys_final|sdf|270,0,0,0,0,0,0,1,0,1,1,0,1,2,1,0,0,1,1,2,0,0,0,0,0,0,0,0,0,0,0,0,0,0,0,0,0,0,0,1,1,0,0,2,0,1,0,1,1,0,0,0,0,0,1,0,0,1,0,1,inactive
28,CHEMBL274513|actives_final|sdf|1,0,0,0,0,0,0,1,0,1,1,0,0,0,1,0,0,1,1,0,0,1,0,1,0,0,0,1,0,0,0,0,1,0,0,0,1,0,0,1,1,0,0,2,0,0,1,1,1,0,0,0,0,0,1,0,0,1,0,0,active
29,CHEMBL434261|actives_final|sdf|20,0,0,0,0,0,0,1,0,1,0,0,0,1,1,0,0,1,1,1,0,1,0,1,0,0,0,1,0,0,0,0,0,0,0,0,1,0,0,1,1,0,0,2,0,0,1,1,1,0,0,0,0,0,1,0,0,1,0,0,active
30,CHEMBL389501|actives_final|sdf|74,0,0,0,0,0,0,1,0,1,1,0,1,1,1,2,1,1,1,0,0,0,0,0,0,0,0,0,0,0,0,0,0,0,0,0,1,0,0,1,1,0,0,1,0,0,1,1,1,0,0,0,0,0,1,0,0,0,0,1,active
31,CHEMBL464799|actives_final|sdf|80,0,0,0,0,1,0,1,2,1,1,0,0,1,1,1,0,1,1,0,0,0,0,0,0,0,0,0,0,0,0,0,1,0,0,0,0,0,0,1,1,0,0,1,0,0,1,1,1,0,0,0,0,0,1,0,0,0,0,1,active
32,CHEMBL595|actives_final|sdf|89,0,0,0,0,0,0,1,0,1,1,0,0,0,1,0,0,1,1,0,0,0,0,0,0,0,0,1,0,0,0,0,1,0,0,0,1,0,0,1,1,0,1,2,0,0,1,1,1,0,0,0,0,1,1,0,0,1,0,0,active
33,CHEMBL325841|actives_final|sdf|105,0,0,0,0,0,0,1,0,1,0,0,1,0,1,1,1,1,1,1,0,0,0,1,0,0,0,1,0,0,0,0,1,0,0,0,1,0,0,1,1,0,0,0,0,0,1,1,1,0,0,0,0,0,1,0,0,0,0,1,active
34,CHEMBL222368|actives_final|sdf|109,0,0,0,0,0,0,1,0,1,0,0,0,1,1,0,0,1,1,0,0,0,0,1,0,0,0,1,1,0,0,0,1,0,0,0,1,0,0,1,1,0,0,3,0,0,0,1,1,0,0,0,0,0,1,0,0,1,0,0,active
35,CHEMBL363555|actives_final|sdf|116,0,0,0,0,0,0,1,0,1,0,0,0,0,1,0,1,1,1,0,0,0,0,0,1,0,0,0,0,0,0,0,1,0,0,0,1,0,0,1,1,0,0,2,0,1,1,1,1,1,0,0,0,0,1,0,0,1,0,0,active
36,CHEMBL450824|actives_final|sdf|129,0,0,0,0,0,0,1,0,1,1,0,0,1,0,0,1,1,1,0,0,0,0,0,0,0,0,0,0,0,0,0,1,0,0,0,1,0,0,1,1,0,0,2,0,0,1,1,1,1,0,0,0,0,1,0,0,1,0,1,active
37,CHEMBL489720|actives_final|sdf|168,0,0,0,0,0,0,1,0,1,1,0,0,0,1,0,1,1,1,0,0,2,0,1,0,0,0,0,0,0,0,0,1,0,0,0,1,0,0,1,1,0,0,1,0,0,1,1,1,0,0,0,0,0,1,0,0,0,0,1,active
38,ZINC11823125|decoys_final|sdf|2,0,0,0,0,0,0,1,0,1,1,0,0,2,1,1,0,1,1,0,0,0,0,0,0,0,0,1,0,0,0,0,1,0,0,0,0,0,0,1,1,0,0,1,0,0,1,1,1,0,0,0,0,0,1,0,0,1,0,1,inactive
39,ZINC11886501|decoys_final|sdf|3,0,0,0,0,0,0,1,0,1,0,0,0,1,0,0,0,1,1,0,0,0,0,1,0,0,0,1,0,0,0,0,1,0,0,0,1,0,0,1,1,0,0,2,0,0,1,1,1,1,0,0,0,0,1,0,0,1,0,1,inactive
40,ZINC34940037|decoys_final|sdf|9,0,0,0,0,0,0,1,0,1,0,0,0,1,1,1,0,1,1,0,0,0,0,0,0,0,0,1,1,0,0,0,1,0,0,0,0,0,0,1,1,0,0,1,0,0,1,1,1,0,0,0,0,0,1,0,0,1,1,1,inactive
41,ZINC35381402|decoys_final|sdf|12,0,0,0,0,0,0,1,0,1,1,0,1,1,1,1,0,1,1,0,0,0,0,0,0,0,0,1,0,0,0,0,1,0,0,0,0,0,0,1,1,0,0,3,0,0,0,1,1,0,0,0,0,0,1,0,0,1,0,0,inactive
42,ZINC50325513|decoys_final|sdf|35,0,0,0,0,0,0,1,0,1,1,0,0,1,1,1,0,1,1,0,0,0,0,0,0,0,0,1,1,0,0,0,1,0,0,0,0,0,0,1,1,0,0,1,0,0,1,1,1,0,0,0,0,0,1,0,0,1,0,1,inactive
43,ZINC63071920|decoys_final|sdf|49,0,0,0,0,1,0,1,0,1,0,0,0,1,0,0,1,1,1,0,0,0,0,1,0,0,0,0,0,0,0,0,1,0,0,0,1,0,0,1,1,0,0,2,0,0,1,1,1,0,0,0,0,0,1,0,0,1,0,1,inactive
44,ZINC37910035|decoys_final|sdf|76,0,0,0,0,0,0,1,0,1,0,0,1,1,1,1,1,1,1,0,0,0,0,1,0,0,0,1,0,0,0,0,1,0,0,0,0,0,0,1,1,0,0,1,0,0,1,1,1,0,0,0,0,0,1,0,0,1,0,0,inactive
45,ZINC40932288|decoys_final|sdf|82,0,0,0,0,0,0,1,1,1,0,0,0,1,1,0,1,1,1,0,0,0,0,1,0,0,0,1,0,0,0,0,1,0,0,0,1,0,0,1,1,1,0,0,0,0,1,1,1,0,0,0,0,0,1,0,0,0,0,1,inactive
46,ZINC16921296|decoys_final|sdf|157,0,0,0,0,0,0,1,0,1,0,0,1,2,1,1,1,1,1,0,0,0,0,1,0,0,0,1,0,0,0,0,1,0,0,0,0,0,0,1,1,0,0,0,0,0,1,1,1,0,0,0,0,0,1,0,0,0,0,1,inactive
47,ZINC45365619|decoys_final|sdf|185,0,0,0,0,0,0,1,0,1,0,0,0,2,0,1,1,1,1,0,0,0,0,0,0,0,0,0,0,0,0,0,1,0,0,0,0,0,0,1,1,0,0,2,0,1,1,1,1,0,0,0,0,0,1,0,0,1,0,1,inactive
48,ZINC34974840|decoys_final|sdf|208,0,0,0,0,0,0,1,0,1,0,0,0,2,1,1,1,1,1,0,0,0,0,1,0,0,0,0,0,0,0,0,0,0,0,0,1,0,0,1,1,0,0,1,0,0,1,1,1,0,1,0,0,0,1,0,0,1,0,0,inactive
49,ZINC61122761|decoys_final|sdf|240,0,0,0,0,0,0,1,0,1,0,0,0,1,0,0,0,1,1,0,0,0,0,0,0,0,1,1,0,0,0,0,1,0,0,0,0,0,0,1,1,1,0,3,0,0,1,1,1,0,0,0,0,0,1,0,0,1,0,1,inactive
50,ZINC38519655|decoys_final|sdf|267,0,0,0,0,0,0,1,0,1,0,0,1,1,1,1,1,1,1,0,0,0,0,0,0,0,0,0,0,0,1,0,1,0,0,1,0,0,0,1,1,0,0,0,0,0,1,1,1,0,0,0,0,0,1,0,0,0,1,1,inactive
51,CHEMBL151125|actives_final|sdf|7,1,1,0,0,0,0,1,0,1,1,0,0,1,1,0,0,1,1,0,0,0,0,1,0,0,0,1,0,0,0,0,1,0,0,0,1,0,0,1,1,1,0,0,0,0,0,1,1,0,0,0,0,0,1,0,0,0,0,0,active
52,CHEMBL151125|actives_final|sdf|10,1,0,0,0,0,0,1,0,1,1,0,0,1,1,0,0,0,1,0,0,1,0,1,0,0,0,1,0,0,0,0,1,0,0,0,1,0,0,1,1,1,0,0,0,0,1,1,1,0,0,0,0,0,1,0,0,0,0,0,active
53,CHEMBL447043|actives_final|sdf|30,0,0,0,0,0,0,1,1,1,0,0,0,1,1,0,1,1,1,0,0,0,0,1,0,0,0,1,0,0,0,0,1,0,0,0,1,0,0,1,1,0,0,0,0,0,1,1,1,0,0,0,0,0,1,0,0,0,0,1,active
54,CHEMBL276915|actives_final|sdf|44,0,0,0,0,1,0,1,0,1,0,0,0,1,1,0,1,1,1,0,0,0,0,1,0,0,0,0,0,0,0,0,0,0,0,0,1,0,0,1,1,0,0,2,0,0,1,1,1,0,0,0,0,0,1,0,0,1,0,0,active
55,CHEMBL1213972|actives_final|sdf|56,0,0,0,0,1,0,1,0,1,0,0,0,0,1,0,0,1,1,2,0,0,0,1,0,0,0,1,0,0,0,0,1,0,0,1,1,0,0,1,1,0,0,0,0,0,0,1,1,0,0,0,0,0,1,0,0,0,0,1,active
56,CHEMBL596453|actives_final|sdf|85,0,0,0,0,0,0,1,0,1,1,0,1,2,1,1,0,0,1,0,0,0,0,0,0,0,0,0,0,0,0,0,0,0,0,0,0,0,0,1,1,0,0,2,0,0,0,1,1,1,0,0,0,0,1,0,0,2,0,0,active
57,CHEMBL374335|actives_final|sdf|136,0,0,0,0,1,0,1,0,1,0,0,0,0,1,0,0,1,1,0,0,0,0,0,0,0,0,1,0,0,0,0,1,0,0,0,0,0,0,1,1,1,0,2,0,0,1,1,1,0,0,0,0,0,1,0,0,2,0,0,active
58,CHEMBL472080|actives_final|sdf|137,0,0,0,0,0,0,1,1,1,0,0,0,1,1,0,0,1,1,0,0,0,0,0,0,0,0,0,0,0,0,0,1,0,0,0,0,0,0,1,1,0,0,2,0,1,0,1,1,0,0,0,0,0,1,0,0,2,0,1,active
59,CHEMBL1213718|actives_final|sdf|138,0,0,0,0,1,0,1,1,1,0,0,0,0,1,0,1,1,1,1,0,0,0,0,0,0,0,0,0,0,0,0,1,0,0,0,1,0,0,1,1,0,0,0,0,1,1,1,1,0,0,0,0,0,1,0,0,0,0,1,active
60,CHEMBL1213777|actives_final|sdf|149,0,0,0,0,1,0,1,1,1,1,0,0,0,1,0,1,1,1,0,0,0,0,0,0,0,0,1,0,0,0,0,1,0,0,0,1,0,0,1,1,0,0,0,0,0,1,1,1,0,0,0,0,0,1,0,0,0,0,1,active
61,CHEMBL598394|actives_final|sdf|160,0,0,0,0,0,0,1,0,1,0,0,0,1,1,0,0,1,1,0,0,1,0,1,1,0,0,1,0,0,0,0,1,0,0,0,1,0,0,1,1,0,0,0,0,1,1,1,1,0,0,0,0,0,1,0,0,0,0,0,active
62,ZINC34940759|decoys_final|sdf|10,0,0,0,0,0,0,1,0,1,1,0,1,2,1,0,0,1,1,0,0,0,0,0,0,0,0,0,0,0,0,0,1,0,0,0,0,0,0,1,1,0,0,2,0,1,0,1,1,0,0,0,0,0,1,0,0,1,0,0,inactive
63,ZINC41653414|decoys_final|sdf|26,0,0,0,0,0,0,1,0,1,0,0,0,1,1,1,0,1,1,0,1,0,0,0,1,0,0,0,1,0,0,0,1,0,0,0,0,0,0,1,1,0,0,2,0,0,0,1,1,0,0,0,0,0,1,0,0,1,0,0,inactive
64,ZINC41656634|decoys_final|sdf|27,0,0,0,0,0,0,1,0,1,0,0,0,1,0,0,0,1,1,0,0,0,0,0,0,0,0,1,0,0,0,0,1,0,0,0,1,0,0,1,1,0,0,3,0,1,0,1,1,0,0,0,0,0,1,0,0,1,0,1,inactive
65,ZINC62622808|decoys_final|sdf|47,0,0,0,0,0,0,1,1,1,0,0,1,0,1,0,1,1,1,0,0,0,0,1,0,0,0,1,0,0,0,0,1,0,0,0,1,0,0,1,1,0,0,0,0,0,1,1,1,0,0,0,0,0,1,0,0,0,0,1,inactive
66,ZINC26516527|decoys_final|sdf|69,0,0,0,0,0,0,1,0,1,0,0,0,1,1,1,1,1,1,0,0,0,0,1,0,0,0,1,0,0,0,0,1,0,0,0,1,0,0,1,1,0,0,0,0,0,1,1,1,0,0,0,0,0,1,0,0,0,0,1,inactive
67,ZINC22223249|decoys_final|sdf|109,0,0,0,0,0,0,1,0,1,0,0,0,1,0,1,1,1,1,0,0,0,0,0,0,0,0,0,1,0,0,0,1,0,0,0,1,0,0,1,1,0,0,1,0,0,1,1,1,0,0,0,0,0,1,0,0,0,1,1,inactive
68,ZINC42397765|decoys_final|sdf|130,0,0,0,0,0,0,1,0,1,0,0,0,1,1,1,1,1,1,0,0,0,0,0,0,0,0,0,1,0,0,0,1,0,0,0,1,0,0,1,1,1,0,0,0,0,1,1,1,0,0,0,0,0,1,0,0,0,0,1,inactive
69,ZINC13822376|decoys_final|sdf|153,0,0,0,0,0,0,1,0,1,0,0,0,2,1,0,1,1,1,0,0,0,0,1,0,0,0,1,0,0,0,0,1,0,0,0,1,0,0,1,1,0,0,0,0,0,1,1,1,0,0,0,0,0,1,0,0,0,0,1,inactive
70,ZINC19091170|decoys_final|sdf|158,0,0,0,0,0,0,1,0,1,0,0,1,1,1,1,1,1,1,0,0,0,0,1,0,0,0,1,0,0,0,0,1,0,0,0,0,0,0,1,1,0,0,0,0,0,1,1,1,0,0,0,0,0,1,0,0,0,0,1,inactive
71,ZINC43541852|decoys_final|sdf|180,0,0,0,0,0,0,1,0,1,0,0,0,1,1,0,1,1,1,0,0,0,0,0,0,0,0,0,1,0,0,0,0,0,0,0,1,0,0,1,1,0,0,1,0,1,1,1,1,0,0,0,0,0,1,0,0,1,0,1,inactive
72,ZINC52755970|decoys_final|sdf|191,0,0,0,0,0,0,1,0,1,0,0,0,1,1,2,0,1,1,0,0,0,0,0,0,0,0,1,0,0,0,0,1,0,0,0,0,0,0,1,1,0,0,2,0,0,1,1,1,0,0,0,0,0,1,0,0,1,0,0,inactive
73,ZINC30750766|decoys_final|sdf|200,0,0,0,0,0,0,1,0,1,0,0,1,1,1,0,0,1,1,1,0,0,0,0,0,0,0,0,0,0,0,0,1,0,0,0,0,0,0,1,1,1,0,1,0,0,1,1,1,1,0,0,0,0,1,0,0,0,0,1,inactive
74,ZINC33426958|decoys_final|sdf|206,0,0,0,0,0,0,1,0,1,0,0,1,2,1,1,0,1,1,0,0,0,0,0,0,0,0,0,0,0,0,0,1,0,0,0,1,0,0,1,1,0,0,2,0,0,0,1,1,0,0,0,0,0,1,0,0,0,0,1,inactive
75,ZINC35754947|decoys_final|sdf|210,0,0,0,0,0,0,1,0,1,0,0,1,2,1,0,1,1,0,0,0,0,0,0,0,0,0,1,0,0,0,0,1,0,0,0,1,0,0,1,1,0,0,0,0,0,1,1,1,0,0,0,0,0,1,0,0,0,1,1,inactive
76,ZINC44399298|decoys_final|sdf|223,0,0,0,0,0,0,1,0,1,0,0,0,2,1,1,0,1,1,0,0,0,0,0,0,0,1,1,0,0,0,0,1,0,0,0,0,0,0,1,1,0,0,1,0,0,0,1,1,0,1,0,0,0,1,0,0,1,0,0,inactive
77,ZINC52982802|decoys_final|sdf|230,0,0,0,0,0,0,1,0,1,0,0,1,0,1,1,0,1,1,0,0,0,0,1,0,0,0,0,1,0,0,0,1,0,0,0,1,0,0,1,1,1,0,0,0,0,1,1,1,0,0,0,0,0,1,0,0,0,0,1,inactive
78,ZINC53818489|decoys_final|sdf|231,0,0,0,0,0,0,1,0,1,0,0,0,1,1,2,1,1,1,0,0,0,0,0,0,0,0,1,0,0,0,0,1,0,0,0,0,0,0,1,1,1,0,0,0,0,1,1,1,0,0,0,0,0,1,0,0,0,0,1,inactive
79,ZINC08503803|decoys_final|sdf|256,0,0,0,0,1,0,1,1,1,1,0,0,1,1,0,0,1,1,1,0,0,0,0,0,0,0,0,0,0,0,0,1,0,0,0,1,0,0,1,1,0,0,0,0,1,0,1,1,0,0,0,0,0,1,0,0,0,0,1,inactive
80,ZINC03426065|decoys_final|sdf|266,0,0,1,0,1,0,1,1,1,0,0,0,1,0,0,1,1,0,1,0,0,0,0,0,0,0,1,0,0,0,0,0,0,0,0,0,0,0,1,1,0,0,0,0,1,1,1,1,0,1,0,0,0,1,0,0,0,0,1,inactive
81,CHEMBL8145|actives_final|sdf|13,0,0,0,0,0,0,1,0,1,0,0,0,0,1,0,0,1,1,0,0,0,0,0,0,0,0,1,0,0,0,0,1,0,0,1,1,0,0,1,1,0,0,2,0,0,1,1,1,0,0,0,0,0,1,0,0,1,0,0,active
82,CHEMBL294811|actives_final|sdf|14,0,0,0,0,0,0,1,0,1,1,0,0,1,1,1,1,1,1,0,0,0,0,0,0,0,0,0,0,0,1,0,0,0,0,0,1,0,0,1,1,0,0,0,0,0,1,1,1,0,0,0,0,0,1,0,0,0,0,1,active
83,CHEMBL275970|actives_final|sdf|22,0,0,0,0,0,0,1,1,1,0,0,0,1,0,0,0,1,1,0,0,0,0,1,0,0,0,1,0,0,0,0,1,0,0,0,1,0,0,1,1,0,0,1,0,0,1,1,1,0,0,0,0,0,1,0,0,0,0,1,active
84,CHEMBL462054|actives_final|sdf|26,1,0,0,0,1,0,1,0,1,1,0,0,2,1,0,0,1,1,0,0,0,0,0,0,0,0,1,0,0,0,0,0,0,0,0,1,0,0,1,1,0,0,0,0,0,0,1,1,0,0,0,0,0,1,0,0,0,0,1,active
85,CHEMBL55674|actives_final|sdf|48,0,0,0,0,1,0,1,0,1,0,0,0,0,1,1,0,1,0,1,0,0,0,0,0,0,0,1,0,0,0,0,1,0,0,1,0,0,0,1,1,0,0,1,0,0,1,1,1,0,0,0,0,0,1,0,0,0,0,1,active
86,CHEMBL243733|actives_final|sdf|50,0,0,0,0,1,0,1,0,1,1,0,0,0,1,0,0,1,1,0,0,0,0,1,0,0,0,0,0,0,0,0,1,1,0,0,1,0,0,1,1,0,0,0,0,0,1,1,1,0,0,0,0,0,1,0,0,0,0,1,active
87,CHEMBL243733|actives_final|sdf|51,0,0,0,0,1,0,1,0,1,0,0,0,0,1,0,1,1,1,0,0,0,0,0,0,0,0,0,0,0,0,0,1,0,0,0,1,0,1,1,1,0,0,1,0,0,1,1,1,0,0,0,0,0,1,0,0,0,0,1,active
88,CHEMBL17079|actives_final|sdf|66,0,1,0,0,0,0,1,0,1,0,0,0,0,1,0,1,1,1,0,0,0,0,0,0,0,0,0,0,0,0,0,1,0,0,0,1,0,0,1,1,0,0,2,0,0,1,1,1,0,0,0,0,0,1,0,0,1,0,0,active
89,CHEMBL592976|actives_final|sdf|67,0,0,0,0,0,0,1,0,1,1,0,0,2,0,1,0,1,1,0,0,0,0,0,0,0,0,0,0,0,0,0,0,0,0,0,0,0,0,1,1,0,0,2,0,0,0,1,1,1,0,0,0,0,1,0,0,2,0,0,active
90,CHEMBL240143|actives_final|sdf|71,0,0,0,0,0,0,1,0,1,0,0,0,1,1,0,0,1,1,0,0,0,0,1,0,0,0,1,0,0,0,0,1,0,0,0,1,0,0,1,1,1,0,1,0,0,1,1,1,0,0,0,0,0,1,0,0,0,0,0,active
91,CHEMBL470226|actives_final|sdf|83,0,0,0,0,0,0,1,1,1,1,0,0,1,0,0,0,1,1,0,0,0,0,0,0,0,0,0,0,0,0,0,1,0,0,0,0,0,0,1,1,0,0,2,0,1,0,1,1,0,0,0,0,0,1,0,0,1,0,1,active
92,CHEMBL552680|actives_final|sdf|95,0,0,0,0,0,0,1,0,1,0,0,0,1,1,1,0,1,1,0,0,0,0,0,0,0,0,0,1,0,0,0,1,0,0,0,0,0,0,1,1,1,0,2,0,0,0,1,1,0,0,0,0,0,1,0,0,0,0,1,active
93,CHEMBL455989|actives_final|sdf|115,0,0,0,0,1,0,1,0,1,1,0,0,0,1,0,1,1,1,0,0,0,1,0,0,0,0,0,0,0,0,0,1,0,0,0,1,0,0,1,1,0,0,0,0,0,1,1,1,0,0,0,0,0,1,0,0,0,0,1,active
94,CHEMBL389728|actives_final|sdf|118,0,0,0,1,2,0,1,0,1,0,0,0,0,1,0,0,1,1,0,0,0,1,0,0,0,0,0,0,0,0,0,0,0,0,0,0,0,0,1,1,1,0,1,0,0,0,1,1,1,0,0,0,0,1,0,0,0,0,1,active
95,CHEMBL19004|actives_final|sdf|162,0,0,0,0,0,0,1,0,1,0,0,0,0,0,0,0,1,1,0,0,1,0,1,0,0,0,1,0,0,0,0,1,0,0,0,1,0,0,1,1,0,0,2,0,0,1,1,1,0,0,0,0,0,1,0,0,1,0,0,active
96,CHEMBL333304|actives_final|sdf|167,0,0,0,0,1,0,1,0,1,1,0,0,0,1,0,1,1,0,1,0,0,0,0,0,0,0,0,0,0,0,0,0,0,0,0,1,0,0,1,1,0,0,0,0,1,1,1,1,0,0,0,0,0,1,0,0,1,0,1,active
97,ZINC20556176|decoys_final|sdf|7,0,0,0,0,0,0,1,1,1,0,0,1,0,1,0,1,1,1,0,0,0,0,1,0,0,0,1,0,0,0,0,1,0,0,0,0,0,0,1,1,1,0,0,0,0,0,1,1,0,0,0,0,0,1,0,0,0,0,1,inactive
98,ZINC35382595|decoys_final|sdf|14,0,0,0,0,0,0,1,0,1,1,0,0,2,1,1,0,1,1,0,0,0,0,0,1,0,0,0,0,0,0,0,1,0,0,0,0,0,0,1,1,0,0,1,0,0,0,1,1,0,0,0,0,0,1,0,0,1,0,0,inactive
99,ZINC38073536|decoys_final|sdf|18,0,0,0,0,0,0,1,0,1,0,0,1,0,1,0,0,1,1,0,0,1,1,0,0,0,0,0,0,0,0,0,1,0,0,0,1,0,0,1,1,1,0,1,0,0,1,1,1,0,0,0,0,0,1,0,0,0,0,0,inactive
100,ZINC41059861|decoys_final|sdf|20,0,0,0,0,0,0,1,0,1,0,0,1,1,1,1,0,1,1,0,0,0,0,0,0,0,0,0,1,0,0,0,1,0,0,0,0,0,0,1,1,0,0,2,0,0,0,1,1,0,0,0,0,0,1,0,0,1,0,0,inactive
101,ZINC43611296|decoys_final|sdf|30,0,0,0,0,0,0,1,0,1,1,0,1,1,1,1,0,1,1,0,0,0,0,0,0,0,0,0,0,0,0,0,1,0,0,0,0,0,0,1,1,0,0,2,0,0,0,1,1,0,0,0,0,0,1,0,0,1,0,0,inactive
102,ZINC22177562|decoys_final|sdf|66,0,0,0,0,0,0,1,0,1,0,0,1,0,1,0,0,1,1,0,0,0,0,0,0,0,0,1,0,0,0,0,1,0,0,0,0,0,0,1,1,0,0,3,0,0,1,1,1,0,0,0,0,0,1,0,0,1,0,0,inactive
103,ZINC62524671|decoys_final|sdf|96,0,0,0,0,0,0,1,0,1,0,0,1,1,0,2,1,1,1,0,0,0,0,0,0,0,0,1,0,0,0,0,1,0,0,0,0,0,0,1,1,0,0,0,0,0,1,1,1,0,0,0,0,0,1,0,0,0,0,1,inactive
104,ZINC38121142|decoys_final|sdf|121,0,0,0,0,0,0,1,1,1,0,0,1,1,1,0,0,1,1,0,0,0,0,0,0,0,0,0,0,0,0,0,0,0,0,0,0,0,0,1,1,0,0,2,0,1,0,1,1,2,0,0,0,0,1,0,0,0,0,0,inactive
105,ZINC43735512|decoys_final|sdf|131,0,0,0,0,0,0,1,0,1,0,0,1,0,1,0,0,1,1,0,0,1,0,0,0,0,0,0,0,0,0,0,1,0,0,0,0,0,0,1,1,1,0,2,0,0,0,1,1,1,0,0,0,0,1,0,0,1,0,0,inactive
106,ZINC62990302|decoys_final|sdf|147,0,0,0,0,0,0,1,1,1,0,0,0,1,1,0,1,1,1,0,0,0,0,1,0,0,0,1,0,0,0,0,0,0,0,0,1,0,0,1,1,0,0,0,0,0,1,1,1,0,0,0,0,0,1,0,0,0,0,1,inactive
107,ZINC62992019|decoys_final|sdf|149,0,0,0,0,0,0,1,1,1,0,0,1,1,1,0,1,1,1,0,0,0,0,0,0,0,0,0,0,0,0,0,0,0,0,0,1,0,0,1,1,0,0,0,0,0,1,1,1,0,0,0,0,0,1,0,0,0,1,1,inactive
108,ZINC16681694|decoys_final|sdf|155,0,0,0,0,0,0,1,2,1,0,0,0,1,1,0,1,1,1,0,0,0,0,1,0,0,0,0,0,0,0,0,0,0,0,0,1,0,0,1,1,0,0,0,0,0,1,1,1,0,0,0,0,0,1,0,0,0,0,1,inactive
109,ZINC19754157|decoys_final|sdf|159,0,0,0,0,0,0,1,0,1,0,0,1,2,1,1,1,0,1,0,0,0,0,1,0,0,0,1,0,0,0,0,0,0,0,0,1,0,0,1,1,0,0,0,0,0,0,1,1,0,0,0,0,0,1,0,0,0,0,1,inactive
110,ZINC37687802|decoys_final|sdf|167,0,0,0,0,0,0,1,0,1,0,0,0,2,1,0,0,1,1,0,0,0,0,0,0,0,1,1,0,0,0,0,1,0,0,0,0,0,0,1,1,0,0,3,0,0,0,1,1,0,0,0,0,0,1,0,0,0,0,0,inactive
111,ZINC38040351|decoys_final|sdf|169,0,0,0,0,0,0,1,0,1,0,0,0,1,1,0,0,1,1,0,0,0,0,0,0,0,0,0,0,0,0,0,1,0,0,0,0,0,0,1,1,0,0,3,0,0,1,1,1,0,0,0,0,0,1,0,0,1,0,1,inactive
112,ZINC45208069|decoys_final|sdf|183,0,0,0,0,0,0,1,0,1,0,0,0,0,1,0,1,1,1,0,0,0,0,1,0,0,0,1,1,0,0,0,1,0,0,0,1,0,0,1,1,0,0,0,0,0,1,1,1,0,0,0,0,0,1,0,0,0,0,1,inactive
113,ZINC45806148|decoys_final|sdf|186,0,0,0,0,1,0,1,0,1,0,0,0,0,0,0,0,1,1,1,0,0,0,1,0,0,0,1,1,0,0,0,1,0,0,0,0,0,0,1,1,0,0,1,0,0,1,1,1,0,0,0,0,0,1,0,0,0,0,1,inactive
114,ZINC36889535|decoys_final|sdf|211,0,0,0,0,0,0,1,0,1,0,0,1,2,1,1,1,1,1,0,0,0,0,0,0,0,0,0,0,0,0,0,0,0,0,0,1,0,0,1,1,0,0,0,0,0,1,1,1,0,0,0,0,0,1,0,0,0,0,1,inactive
115,ZINC49611240|decoys_final|sdf|225,0,0,0,0,0,0,1,0,1,0,0,0,0,1,0,1,1,1,0,0,2,0,1,0,0,0,0,0,0,0,0,1,0,0,0,1,0,0,1,1,0,0,1,0,0,1,1,1,0,0,0,0,0,1,0,0,0,0,0,inactive
116,ZINC55227852|decoys_final|sdf|234,0,0,0,0,0,0,1,0,1,1,0,1,1,1,0,0,0,1,0,0,0,0,0,0,0,0,0,0,0,0,0,1,0,0,0,0,0,0,1,1,0,0,3,0,1,0,1,1,0,0,0,0,0,1,0,0,1,0,0,inactive
117,ZINC61330037|decoys_final|sdf|241,0,0,0,0,0,0,1,0,1,0,0,0,1,0,0,1,1,1,0,0,0,0,0,0,0,0,1,0,0,0,0,1,0,0,0,0,0,0,1,1,0,0,2,0,0,1,1,1,0,0,0,0,0,1,0,0,1,0,1,inactive
118,ZINC62609713|decoys_final|sdf|244,0,0,0,0,0,0,1,0,1,0,0,0,1,0,2,0,1,1,0,0,0,0,0,0,0,0,1,0,0,0,0,1,0,0,0,0,0,0,1,1,1,0,1,0,0,1,1,1,0,0,0,0,0,1,0,0,0,0,1,inactive
119,ZINC62619494|decoys_final|sdf|245,0,0,0,0,0,0,1,0,1,0,0,0,2,1,0,0,1,1,0,0,0,0,0,0,0,0,1,0,0,0,0,1,0,0,0,0,0,0,1,1,0,0,1,0,0,1,1,1,0,0,0,0,0,1,0,0,1,0,1,inactive
120,ZINC62835788|decoys_final|sdf|248,0,0,0,0,0,0,1,0,1,0,0,0,2,1,1,1,1,1,0,0,0,0,0,0,0,0,0,0,0,0,0,0,0,0,0,1,0,0,1,1,0,0,1,0,0,1,1,1,0,0,0,0,0,1,0,0,0,0,1,inactive
121,ZINC07687518|decoys_final|sdf|255,0,0,0,0,0,0,1,0,1,0,0,1,1,1,0,0,0,1,0,0,1,1,0,2,0,0,0,0,0,0,0,0,0,0,0,0,0,0,1,1,0,0,1,0,0,1,1,1,1,0,0,0,0,1,0,0,0,0,0,inactive
122,ZINC41572660|decoys_final|sdf|269,0,0,0,0,0,0,1,1,1,0,0,0,1,0,0,0,1,1,0,0,0,0,0,1,0,0,1,0,0,0,0,1,0,0,0,0,0,0,1,1,0,0,2,0,0,1,1,1,0,0,0,0,0,1,0,0,1,0,0,inactive
123,CHEMBL14640|actives_final|sdf|23,0,0,0,0,0,0,1,0,1,0,0,0,2,0,0,1,1,1,0,0,0,0,0,0,0,0,0,0,0,0,0,0,0,0,0,1,0,0,1,1,0,0,1,0,0,1,1,1,0,0,0,0,0,1,0,0,1,0,1,active
124,CHEMBL607571|actives_final|sdf|24,0,0,0,0,0,0,1,0,1,0,0,0,0,1,0,0,1,1,0,0,0,0,1,0,0,0,1,0,0,0,0,1,0,0,0,0,0,0,1,1,0,0,2,0,0,1,1,1,0,0,0,0,0,1,0,0,1,0,0,active
125,CHEMBL127983|actives_final|sdf|31,0,0,0,0,0,0,1,0,1,1,0,0,1,1,0,0,1,0,0,0,0,0,1,0,1,0,1,0,0,0,0,1,0,0,0,1,0,0,1,1,0,0,0,0,0,1,1,1,0,0,0,0,0,1,0,0,0,0,0,active
126,CHEMBL16530|actives_final|sdf|41,0,0,0,0,0,0,1,0,1,0,0,1,0,1,0,0,1,1,0,0,0,0,1,0,0,0,1,0,0,0,0,0,0,0,0,1,0,0,1,1,0,0,1,0,1,1,1,1,0,0,0,0,0,1,0,0,0,0,0,active
127,CHEMBL10316|actives_final|sdf|45,0,0,0,0,1,0,1,0,1,0,0,0,2,0,0,0,1,1,0,0,0,0,0,0,0,0,1,0,0,0,0,1,0,0,0,0,0,0,1,1,0,0,1,0,0,1,1,1,0,0,0,0,0,1,0,0,1,0,0,active
128,CHEMBL394942|actives_final|sdf|49,0,0,0,0,0,0,1,0,1,0,0,0,1,1,0,1,1,1,1,0,0,0,1,0,0,0,0,0,0,0,0,0,0,0,0,1,0,0,1,1,0,0,0,0,0,1,1,1,0,0,0,0,0,1,0,0,0,0,1,active
129,CHEMBL269074|actives_final|sdf|53,0,0,0,0,0,0,1,1,1,0,0,0,2,0,0,0,1,1,0,0,0,0,1,0,0,0,1,0,0,0,0,1,0,0,0,1,0,0,1,1,0,0,0,0,0,1,1,1,0,0,0,0,0,1,0,0,0,0,0,active
130,CHEMBL295093|actives_final|sdf|59,0,0,0,1,0,0,1,0,1,0,0,0,2,1,0,0,1,1,0,0,0,0,0,0,0,0,1,0,0,0,0,1,0,0,0,0,0,0,1,1,1,0,0,0,0,0,1,1,0,0,0,0,0,1,0,0,0,0,1,active
131,CHEMBL573301|actives_final|sdf|62,0,0,0,0,0,0,1,0,1,0,0,0,0,1,0,0,1,1,1,0,1,0,0,0,0,0,0,0,0,0,0,1,0,0,0,0,0,1,1,1,0,0,0,0,2,1,1,1,0,0,0,0,0,1,0,0,0,0,0,active
132,CHEMBL14210|actives_final|sdf|70,0,0,0,0,1,0,1,1,1,0,0,0,1,0,0,0,1,1,0,0,0,0,0,0,0,0,1,0,0,0,0,1,0,0,0,0,0,0,1,1,0,0,1,0,0,1,1,1,0,0,0,0,0,1,0,0,1,0,0,active
133,CHEMBL54762|actives_final|sdf|82,0,0,0,0,0,0,1,0,1,0,0,0,1,1,0,0,1,1,0,0,1,0,0,0,0,0,0,0,0,0,0,1,0,0,0,1,0,0,1,1,0,0,2,0,0,0,1,1,0,0,0,0,0,1,0,0,0,0,1,active
134,CHEMBL18101|actives_final|sdf|84,0,0,0,0,0,0,1,0,1,0,0,0,1,1,0,0,1,1,0,0,0,0,0,1,0,0,0,0,0,0,0,1,0,0,0,0,0,1,1,1,0,0,2,0,1,0,1,1,0,0,0,0,0,1,0,0,0,0,0,active
135,CHEMBL414637|actives_final|sdf|103,0,0,0,0,0,1,1,0,1,0,0,0,0,1,0,0,1,1,0,1,0,0,1,0,0,0,1,0,0,0,0,1,0,0,0,1,0,0,1,1,0,0,0,0,0,1,1,1,0,0,0,0,0,1,0,0,0,0,0,active
136,CHEMBL274029|actives_final|sdf|123,0,0,0,0,0,0,1,0,1,0,0,0,1,0,1,0,1,1,0,0,0,0,1,0,0,0,1,0,0,0,0,1,0,0,0,1,0,0,1,1,0,0,1,0,0,0,1,1,0,0,0,0,0,1,0,0,0,0,1,active
137,CHEMBL18153|actives_final|sdf|126,0,0,0,0,0,0,1,0,1,0,0,0,0,1,0,0,1,1,0,0,0,0,1,0,0,0,1,0,0,0,0,1,0,0,0,1,0,0,1,1,0,0,2,0,0,1,1,1,0,0,0,0,0,1,0,0,0,0,0,active
138,CHEMBL597373|actives_final|sdf|132,0,0,0,0,0,0,1,0,1,0,0,0,1,1,0,0,1,1,1,0,0,0,1,0,0,0,1,0,0,0,0,1,0,0,0,1,0,0,1,1,0,0,0,0,1,0,1,1,0,0,0,0,0,1,0,0,0,0,0,active
139,CHEMBL597372|actives_final|sdf|133,0,0,0,0,0,0,1,0,1,0,0,0,1,1,0,0,1,1,0,0,1,0,0,1,0,0,0,0,0,0,0,0,0,0,0,1,0,0,1,1,0,0,1,0,0,1,1,1,1,0,0,0,0,1,0,0,0,0,0,active
140,CHEMBL597372|actives_final|sdf|134,0,0,0,0,0,0,1,0,1,0,0,0,0,0,0,0,1,1,0,0,0,0,1,0,0,0,1,0,0,0,0,1,0,0,0,1,0,0,1,1,0,0,2,0,0,1,1,1,0,0,0,0,0,1,0,0,1,0,0,active
141,CHEMBL130217|actives_final|sdf|143,0,0,0,0,0,0,1,0,1,0,0,0,2,0,0,0,1,1,0,0,0,0,1,0,0,0,1,0,0,0,0,0,0,0,0,1,0,0,1,1,0,0,1,0,0,0,1,1,0,0,0,0,0,1,0,0,1,0,1,active
142,CHEMBL544509|actives_final|sdf|148,0,0,0,0,0,0,1,0,1,0,0,0,1,0,1,0,1,1,0,0,0,0,0,0,0,0,1,0,0,0,0,1,0,0,0,0,0,0,1,1,0,0,3,0,0,0,1,1,0,0,0,0,0,1,0,0,1,0,0,active
143,CHEMBL258420|actives_final|sdf|157,0,0,0,0,0,0,1,0,1,0,0,0,0,1,0,1,1,1,0,0,0,0,0,0,0,0,0,0,0,0,0,1,0,0,0,1,0,1,1,1,1,0,0,0,0,1,1,1,0,0,0,0,0,1,0,0,0,0,1,active
144,CHEMBL171809|actives_final|sdf|165,0,0,0,0,0,0,1,0,1,0,0,1,0,1,0,1,1,1,0,0,0,0,1,0,0,0,1,0,0,0,0,0,0,0,0,1,0,0,1,1,0,0,0,0,0,1,1,1,0,0,0,0,0,1,0,0,0,0,1,active
145,CHEMBL333304|actives_final|sdf|166,0,0,0,0,1,0,1,0,1,0,0,0,1,1,0,0,0,1,1,0,0,0,1,0,0,0,1,0,0,0,0,1,0,0,0,1,0,0,1,1,0,0,0,0,0,0,1,1,0,0,0,0,0,1,0,0,1,0,0,active
146,ZINC35382562|decoys_final|sdf|13,0,0,0,0,0,0,1,0,1,1,0,0,2,1,1,0,1,1,0,0,0,0,0,1,0,0,0,0,0,0,0,0,0,0,0,0,0,0,1,1,0,0,1,0,0,0,1,1,0,0,0,0,0,1,0,0,1,0,0,inactive
147,ZINC41289527|decoys_final|sdf|25,0,0,0,0,0,0,1,0,1,0,0,1,2,1,0,1,1,1,0,0,0,0,1,0,0,0,0,0,0,0,0,0,0,0,0,1,0,0,1,1,0,0,0,0,0,1,1,1,0,0,0,0,0,1,0,0,0,0,0,inactive
148,ZINC49576460|decoys_final|sdf|31,0,0,0,0,0,0,1,0,1,1,0,0,1,1,1,0,1,0,0,0,0,0,0,0,0,0,0,0,0,0,0,1,0,0,0,0,0,0,1,1,0,0,3,0,0,0,1,1,0,0,0,0,0,1,0,0,1,0,0,inactive
149,ZINC50909922|decoys_final|sdf|39,0,0,0,0,0,0,1,0,1,0,0,0,0,1,0,1,1,1,0,0,0,1,0,0,0,0,1,0,0,0,0,0,0,0,0,1,0,0,1,1,1,0,1,0,0,0,1,1,0,0,0,0,0,1,0,0,0,0,1,inactive
150,ZINC04992584|decoys_final|sdf|53,0,0,0,0,0,0,1,0,1,0,0,0,0,0,0,1,1,1,1,0,0,0,1,0,0,0,1,0,0,0,0,1,0,0,0,1,0,0,1,1,0,0,0,0,0,0,1,1,0,0,0,0,0,1,0,0,0,1,1,inactive
151,ZINC19779317|decoys_final|sdf|63,0,0,0,0,0,0,1,0,1,0,0,0,1,1,1,0,1,1,0,0,0,0,0,0,0,0,0,0,0,0,0,1,0,0,0,0,0,0,1,1,0,0,2,0,0,0,1,1,0,0,0,0,0,1,0,0,1,0,1,inactive
152,ZINC17173879|decoys_final|sdf|70,0,0,0,0,0,0,1,0,1,0,0,0,2,0,0,0,1,1,0,0,0,0,1,0,0,0,1,0,0,0,0,1,0,0,0,1,0,0,1,1,0,0,0,0,0,1,1,1,0,0,0,0,0,1,0,0,0,0,1,inactive
153,ZINC34939711|decoys_final|sdf|73,0,0,0,0,0,0,1,1,1,0,0,0,1,0,1,0,1,1,0,0,0,0,1,0,0,0,1,0,0,0,0,1,0,0,0,1,0,0,1,1,0,0,0,0,0,1,1,1,0,0,0,0,0,1,0,0,0,0,0,inactive
154,ZINC38433817|decoys_final|sdf|78,0,0,0,0,0,0,1,0,1,0,0,0,0,1,0,0,1,1,2,0,1,0,0,0,0,0,0,0,0,0,0,1,0,0,0,0,0,0,1,1,1,0,2,0,0,0,1,1,0,0,0,0,0,1,0,0,0,0,0,inactive
155,ZINC39113900|decoys_final|sdf|80,0,0,0,0,0,0,1,0,1,0,0,0,1,0,2,0,1,1,0,0,0,0,1,0,0,0,0,0,0,0,0,1,0,0,0,0,0,0,1,1,0,0,1,0,0,1,1,1,0,0,0,0,0,1,0,0,0,0,1,inactive
156,ZINC37376659|decoys_final|sdf|117,0,0,0,0,0,0,1,0,1,0,0,0,1,1,1,0,1,1,0,0,0,0,0,0,0,0,0,0,0,0,0,1,0,0,0,0,0,0,1,1,1,0,2,0,0,0,1,1,0,0,0,0,0,1,0,0,1,0,0,inactive
157,ZINC39111585|decoys_final|sdf|122,0,0,0,0,0,0,1,0,1,0,0,0,2,1,1,0,1,1,0,0,0,0,0,0,0,0,0,0,0,0,0,1,0,0,0,0,0,0,1,1,0,0,2,0,0,0,1,1,0,0,0,0,0,1,0,0,1,0,0,inactive
158,ZINC45809644|decoys_final|sdf|132,0,0,0,0,0,0,1,0,1,0,0,1,1,1,1,0,1,1,0,0,0,0,0,0,0,0,0,0,0,0,0,1,0,0,0,0,0,0,1,1,1,0,2,0,0,0,1,1,0,0,0,0,0,1,0,0,0,0,0,inactive
159,ZINC31996489|decoys_final|sdf|141,0,0,0,0,1,0,1,0,1,0,0,0,0,0,0,1,0,1,0,0,0,0,1,0,0,0,1,1,0,0,0,1,0,0,0,1,0,0,1,1,0,0,0,0,0,1,1,1,0,0,0,0,0,1,0,0,0,0,1,inactive
160,ZINC53757944|decoys_final|sdf|144,0,0,0,0,0,0,1,0,1,0,0,0,2,1,1,0,1,1,0,0,0,0,0,0,0,0,0,0,0,0,0,0,0,0,0,0,0,0,1,1,1,0,2,0,0,0,1,1,0,0,0,0,0,1,0,0,0,0,1,inactive
161,ZINC60714027|decoys_final|sdf|145,0,0,0,0,0,0,1,0,1,0,0,0,1,1,1,1,1,1,0,0,0,0,0,0,0,0,0,1,0,0,0,0,0,0,0,1,0,0,1,1,0,0,0,0,0,1,1,1,0,0,0,0,0,1,0,0,0,0,1,inactive
162,ZINC63077187|decoys_final|sdf|150,0,0,0,0,1,0,1,1,1,0,0,1,0,1,0,0,1,1,0,0,0,0,0,0,0,0,0,0,0,0,0,1,0,0,0,0,0,0,1,1,0,0,1,0,0,0,1,1,0,0,0,0,0,1,0,0,1,0,1,inactive
163,ZINC13822374|decoys_final|sdf|152,0,0,0,0,0,0,1,0,1,0,0,0,2,1,0,1,1,1,0,0,0,0,1,0,0,0,0,0,0,0,0,0,0,0,0,1,0,0,1,1,0,0,0,0,0,1,1,1,0,0,0,0,0,1,0,0,0,0,1,inactive
164,ZINC37689736|decoys_final|sdf|168,0,0,0,0,0,0,1,0,1,0,0,0,2,1,0,0,1,1,0,0,0,0,0,0,0,0,0,1,0,0,0,1,0,0,0,0,0,0,1,1,0,0,1,0,1,0,1,1,0,0,0,0,0,1,0,0,0,0,1,inactive
165,ZINC41048122|decoys_final|sdf|175,0,0,0,0,0,0,1,0,1,0,1,0,1,0,0,0,1,1,0,0,0,0,1,0,0,0,1,0,0,0,0,1,0,0,0,1,0,1,1,1,0,0,0,0,0,1,1,1,0,0,0,0,0,1,0,0,0,0,0,inactive
166,ZINC43667894|decoys_final|sdf|182,0,0,1,0,0,0,1,0,1,0,0,0,1,1,1,0,1,0,0,0,0,0,1,0,0,0,0,0,0,0,0,0,0,1,0,1,0,0,1,1,0,0,0,0,0,1,1,1,0,0,0,0,0,1,0,0,0,0,1,inactive
167,ZINC50424489|decoys_final|sdf|187,0,0,0,0,0,0,1,0,1,0,0,0,1,1,1,0,0,1,0,0,0,0,0,0,0,0,1,0,0,0,0,1,0,0,0,1,0,0,1,1,0,0,1,0,0,1,1,1,0,0,0,0,0,1,0,0,1,0,0,inactive
168,ZINC61640745|decoys_final|sdf|198,0,0,0,0,0,0,1,0,1,0,0,0,1,1,1,0,0,0,0,0,0,0,0,0,0,0,1,0,0,0,0,0,0,0,0,1,0,0,1,1,0,0,2,0,1,1,1,1,0,0,0,0,0,1,0,0,1,0,0,inactive
169,ZINC62668341|decoys_final|sdf|199,0,0,0,0,0,0,1,1,1,0,0,0,2,1,0,0,1,1,0,0,0,0,0,0,0,0,1,0,0,0,0,1,0,0,0,1,0,0,1,1,0,0,0,0,0,1,1,1,0,0,0,0,0,1,0,0,0,0,0,inactive
170,ZINC04277339|decoys_final|sdf|201,0,0,0,0,0,0,1,0,1,0,0,0,2,0,1,0,1,1,0,0,0,0,0,0,0,0,1,0,0,0,0,1,0,0,0,0,0,0,1,1,0,0,1,0,0,0,1,1,0,0,0,0,0,1,0,0,1,0,1,inactive
171,ZINC11601799|decoys_final|sdf|203,0,0,0,0,0,0,1,0,1,0,0,0,1,1,0,0,1,1,0,0,0,0,0,0,0,0,1,1,0,0,0,1,0,0,0,0,0,0,1,1,0,0,2,0,0,0,1,1,0,0,0,0,0,1,0,0,1,0,0,inactive
172,ZINC36960427|decoys_final|sdf|212,0,0,0,0,0,0,1,0,1,1,0,0,1,1,1,0,1,1,0,0,0,0,0,0,0,0,0,1,0,0,0,1,0,0,0,0,0,0,1,1,0,0,1,0,0,0,1,1,0,0,0,0,0,1,0,0,1,0,0,inactive
173,ZINC41233397|decoys_final|sdf|216,0,0,0,0,0,0,1,0,1,1,0,1,1,1,0,0,1,0,0,0,0,0,0,0,0,0,0,1,0,0,0,1,0,0,0,0,0,0,1,1,0,0,1,0,1,0,1,1,0,0,0,0,0,1,0,0,1,0,0,inactive
174,ZINC42394967|decoys_final|sdf|217,0,0,0,0,0,0,1,0,1,0,0,0,2,1,1,0,1,1,0,0,0,0,0,0,0,0,0,0,0,0,0,1,0,0,0,0,0,0,1,1,0,0,2,0,0,0,1,1,0,0,0,0,0,1,0,0,1,0,0,inactive
175,ZINC43125856|decoys_final|sdf|219,0,0,0,0,0,0,1,0,1,0,0,0,1,1,1,1,1,1,0,0,0,0,0,0,0,0,0,1,0,0,0,0,0,0,0,1,0,0,1,1,0,0,1,0,0,0,1,1,0,0,0,0,0,1,0,0,0,0,1,inactive
176,ZINC43126118|decoys_final|sdf|221,0,0,0,0,0,0,1,0,1,0,0,0,1,0,1,1,1,1,0,0,0,0,0,0,0,0,1,1,0,0,0,1,0,0,0,0,0,0,1,1,0,0,0,0,0,1,1,1,0,0,0,0,0,1,0,0,0,0,1,inactive
177,ZINC49711736|decoys_final|sdf|226,0,0,0,0,0,0,1,0,1,0,0,1,0,1,0,0,1,1,0,0,0,0,0,0,0,1,0,0,0,0,0,1,0,0,0,0,0,0,1,1,0,0,2,0,0,0,1,1,0,0,0,0,0,1,0,0,1,0,1,inactive
178,ZINC40236163|decoys_final|sdf|236,0,0,0,0,0,0,1,0,1,0,0,1,2,1,0,0,1,0,0,0,0,0,0,0,0,0,0,0,0,0,0,1,0,0,0,0,0,0,1,1,0,0,2,0,1,0,1,1,0,0,0,0,0,1,0,0,1,0,0,inactive
179,ZINC63056016|decoys_final|sdf|249,0,0,0,0,0,0,1,0,1,1,0,1,2,0,1,0,1,1,0,0,0,0,0,0,0,0,0,0,0,0,0,1,0,0,0,0,0,0,1,1,0,0,1,0,0,0,1,1,0,0,0,0,0,1,0,0,1,0,0,inactive
180,ZINC02708611|decoys_final|sdf|263,0,0,0,0,0,0,1,0,1,0,0,0,0,1,0,0,0,1,0,0,0,1,0,2,0,0,1,0,0,0,0,1,0,0,0,1,0,0,1,1,1,0,1,0,0,0,1,1,0,0,0,0,0,1,0,0,0,0,0,inactive
181,ZINC48686734|decoys_final|sdf|271,0,0,0,0,1,0,1,0,1,0,0,0,0,0,0,0,1,1,2,0,0,0,0,0,0,0,0,1,0,0,0,1,0,0,0,0,0,0,1,1,0,0,1,0,0,1,1,1,0,0,0,0,0,1,0,0,0,0,1,inactive
182,CHEMBL1213915|actives_final|sdf|19,0,0,0,0,1,0,1,1,1,0,0,0,0,1,0,0,1,1,1,0,0,0,1,0,0,0,0,0,0,0,0,0,0,0,0,1,0,0,1,1,0,0,0,0,0,0,1,1,0,0,0,0,0,1,0,0,0,0,1,active
183,CHEMBL441306|actives_final|sdf|34,0,0,0,0,0,0,1,0,1,0,0,1,1,1,0,0,1,1,0,0,0,0,1,0,0,0,1,1,0,0,0,0,0,0,0,0,0,0,1,1,0,0,0,0,0,0,1,1,0,0,0,0,0,1,0,0,0,0,1,active
184,CHEMBL269073|actives_final|sdf|35,0,0,0,0,1,0,1,0,1,0,0,0,1,0,0,0,1,1,0,0,0,0,0,0,0,0,1,0,0,0,0,1,0,0,1,0,0,0,1,1,0,0,1,0,0,0,1,1,0,0,0,0,0,1,0,0,0,0,1,active
185,CHEMBL16541|actives_final|sdf|40,0,0,0,0,1,0,1,0,1,0,0,1,0,1,0,0,1,1,0,0,0,0,1,0,0,0,1,0,1,0,0,1,0,0,0,0,0,0,1,1,0,0,0,0,0,0,1,1,0,0,0,0,0,1,0,0,0,0,0,active
186,CHEMBL10316|actives_final|sdf|46,0,0,0,0,1,0,1,1,1,0,0,0,1,0,0,0,1,1,0,0,0,0,0,0,0,0,0,0,0,0,0,0,0,0,0,0,0,0,1,1,0,0,1,0,0,1,1,1,0,0,0,0,0,1,0,0,1,0,1,active
187,CHEMBL161907|actives_final|sdf|47,0,0,0,0,0,0,1,0,1,0,0,0,0,1,0,0,1,1,0,0,0,0,0,0,1,0,1,0,0,1,0,1,0,0,0,0,1,0,1,1,0,0,0,0,0,0,1,1,0,0,0,0,0,1,0,0,0,0,1,active
188,CHEMBL487235|actives_final|sdf|63,0,0,0,0,0,0,1,0,1,0,0,0,0,0,1,0,1,1,0,0,0,0,0,0,1,0,1,0,0,0,0,1,0,0,0,0,0,0,1,1,0,0,1,0,0,1,1,1,0,0,0,0,0,1,0,0,1,0,0,active
189,CHEMBL221333|actives_final|sdf|64,0,0,0,0,0,0,1,0,1,0,0,0,1,0,0,0,1,1,0,0,0,0,0,0,0,0,0,0,0,0,0,1,0,0,0,0,0,0,1,1,0,0,2,0,1,0,1,1,0,0,0,0,0,1,0,0,1,0,1,active
190,CHEMBL464798|actives_final|sdf|81,0,0,0,0,0,0,1,0,1,0,0,0,1,1,0,0,1,1,0,0,0,0,1,0,0,0,1,0,0,0,0,1,0,0,0,1,0,0,1,1,0,0,0,0,0,1,1,1,0,0,0,0,0,1,0,0,0,0,0,active
191,CHEMBL552680|actives_final|sdf|93,0,0,0,0,0,0,1,0,1,0,0,0,2,1,0,0,1,1,0,0,0,0,0,0,0,0,0,0,0,0,0,1,0,0,0,0,0,0,1,1,0,0,1,0,0,1,1,1,0,0,0,0,0,1,0,0,0,0,1,active
192,CHEMBL298006|actives_final|sdf|100,0,0,0,0,0,0,1,0,1,0,0,0,1,1,0,1,1,0,0,0,0,0,1,0,0,0,0,0,0,0,0,0,0,0,0,1,0,0,1,1,0,0,0,0,0,1,1,1,0,0,1,0,0,1,0,0,0,0,1,active
193,CHEMBL39537|actives_final|sdf|106,0,0,0,0,0,0,1,1,1,0,0,0,0,0,0,1,1,1,0,0,0,0,0,0,0,0,1,0,0,0,0,1,0,0,0,1,0,0,1,1,0,0,0,0,0,1,1,1,0,0,0,0,0,1,0,0,0,0,1,active
194,CHEMBL17078|actives_final|sdf|125,0,0,0,0,0,0,1,0,1,0,0,0,1,1,0,1,1,1,0,0,0,0,0,0,0,0,0,0,0,0,0,1,0,0,0,1,0,0,1,1,0,0,1,0,0,0,1,1,0,0,0,0,0,1,0,0,0,0,1,active
195,CHEMBL269538|actives_final|sdf|140,0,0,0,0,0,0,1,0,1,0,0,0,1,0,0,0,1,1,0,0,0,0,1,0,0,0,1,0,0,0,0,1,0,0,0,0,0,0,1,1,0,0,2,0,0,0,1,1,0,0,0,0,0,1,0,0,0,0,1,active
196,CHEMBL6857|actives_final|sdf|141,0,0,0,0,0,0,1,0,1,0,0,0,2,0,0,1,1,1,0,0,0,0,1,0,0,0,0,0,0,0,0,0,0,0,0,1,0,0,1,1,0,0,0,0,0,1,1,1,0,0,0,0,0,1,0,0,0,0,1,active
197,CHEMBL6857|actives_final|sdf|142,0,0,0,0,0,0,1,0,1,0,0,0,2,0,0,1,1,1,0,0,0,0,1,0,0,0,0,0,0,0,0,0,0,0,0,1,0,0,1,1,0,0,0,0,0,1,1,1,0,0,0,0,0,1,0,0,0,0,1,active
198,CHEMBL31059|actives_final|sdf|145,0,0,0,0,0,0,1,0,1,0,0,0,2,1,0,0,1,1,0,0,0,0,0,0,0,0,1,0,0,0,0,1,0,0,0,0,0,0,1,1,0,0,1,0,0,1,1,1,0,0,0,0,0,1,0,0,0,0,0,active
199,CHEMBL601205|actives_final|sdf|151,0,0,0,0,0,0,1,0,1,0,0,0,0,1,0,0,1,1,0,0,0,0,1,0,0,0,1,0,0,0,0,1,0,0,0,1,0,0,1,1,0,0,0,0,0,1,1,1,0,0,0,0,0,1,0,0,0,0,1,active
200,ZINC55144147|decoys_final|sdf|41,0,0,0,0,0,0,1,0,1,0,0,0,2,1,0,0,1,1,0,0,0,0,0,0,0,0,1,0,0,0,0,0,0,0,0,0,0,0,1,1,1,0,1,0,0,0,1,1,1,0,0,0,0,1,0,0,0,0,0,inactive
201,ZINC50868407|decoys_final|sdf|44,0,0,0,0,0,0,1,0,1,0,0,0,0,0,0,0,1,1,0,0,0,0,1,0,0,0,1,0,0,1,0,1,0,0,1,0,0,0,1,1,0,0,0,1,0,0,1,1,0,0,0,0,0,1,0,0,0,0,1,inactive
202,ZINC01598042|decoys_final|sdf|51,0,0,0,0,0,0,1,0,1,0,0,1,0,1,0,0,1,1,0,0,0,0,0,0,0,0,0,0,0,0,0,1,0,0,0,0,0,0,1,1,1,0,2,0,0,0,1,1,1,0,0,0,0,1,0,0,0,0,0,inactive
203,ZINC01848629|decoys_final|sdf|59,0,0,0,0,0,0,1,1,1,0,0,0,0,0,0,1,1,1,0,0,0,0,1,0,0,0,0,1,0,0,0,0,0,0,0,1,0,0,1,1,0,0,0,0,0,1,1,1,0,0,0,0,0,1,0,0,0,0,1,inactive
204,ZINC04343307|decoys_final|sdf|60,0,0,0,0,0,0,1,0,1,0,0,0,1,1,0,0,1,1,0,0,0,0,0,0,0,0,0,0,0,0,0,1,0,0,0,0,0,0,1,1,0,0,3,0,0,0,1,1,0,0,0,0,0,1,0,0,1,0,0,inactive
205,ZINC39053114|decoys_final|sdf|79,0,0,0,0,0,0,1,0,1,0,0,0,1,0,0,1,1,1,1,0,0,0,1,0,0,0,0,0,0,0,0,0,0,0,0,1,0,0,1,1,0,0,0,0,0,1,1,1,0,0,0,0,0,1,0,0,0,0,1,inactive
206,ZINC62520681|decoys_final|sdf|95,0,0,0,0,0,0,1,1,1,0,0,0,0,0,0,1,1,1,0,0,0,0,1,0,0,0,1,0,0,0,0,1,0,0,0,0,0,0,1,1,0,0,0,0,0,1,1,1,0,0,0,0,0,1,0,0,0,0,1,inactive
207,ZINC65356815|decoys_final|sdf|100,0,0,0,0,0,0,1,1,1,0,0,0,1,0,0,1,1,1,0,0,0,0,0,0,0,0,1,0,0,0,0,1,0,0,0,0,0,0,1,1,0,0,0,0,0,1,1,1,0,0,0,0,0,1,0,0,0,0,1,inactive
208,ZINC01732011|decoys_final|sdf|103,0,0,0,0,0,0,1,0,1,0,0,0,1,1,1,0,1,0,0,0,0,0,0,0,0,0,0,1,0,0,0,0,0,0,0,0,1,0,1,1,1,0,2,0,0,0,1,1,0,0,0,0,0,1,0,0,0,0,0,inactive
209,ZINC41051390|decoys_final|sdf|126,0,0,0,0,0,0,1,1,1,0,0,1,0,1,0,0,1,1,0,0,0,0,0,0,0,0,0,0,0,0,0,0,0,0,0,1,0,0,1,1,1,0,0,0,0,1,1,1,0,0,0,0,0,1,0,0,0,0,1,inactive
210,ZINC62990303|decoys_final|sdf|148,0,0,0,0,0,0,1,0,1,1,0,0,1,0,0,0,1,0,0,0,0,0,0,0,0,0,0,0,0,0,0,0,0,0,0,0,0,0,1,1,0,0,3,0,1,0,1,1,0,0,0,0,0,1,0,0,2,0,0,inactive
211,ZINC00081475|decoys_final|sdf|154,0,0,0,0,0,0,1,0,1,0,0,0,0,1,1,0,1,1,0,0,0,0,1,0,0,0,0,1,0,0,0,0,0,0,0,1,0,0,1,1,0,0,0,0,0,1,1,1,0,0,0,0,0,1,0,0,0,0,1,inactive
212,ZINC35321809|decoys_final|sdf|166,0,0,0,0,0,0,1,0,1,0,0,0,0,0,1,0,1,1,0,0,0,0,0,0,0,0,1,1,0,0,0,1,0,0,0,0,0,0,1,1,0,0,2,0,0,0,1,1,0,0,0,0,0,1,0,0,0,0,1,inactive
213,ZINC54497164|decoys_final|sdf|194,0,0,0,0,0,0,1,0,1,0,0,0,2,0,1,1,1,1,0,0,0,0,0,0,0,0,0,0,0,0,0,0,0,0,0,1,0,0,1,1,0,0,0,0,0,1,1,1,0,0,0,0,0,1,0,0,0,0,1,inactive
214,ZINC19478423|decoys_final|sdf|204,0,0,0,0,1,0,1,0,1,0,0,1,0,0,0,1,0,1,1,0,0,0,0,0,0,1,0,0,0,0,0,0,0,0,0,1,0,0,1,1,0,0,0,0,0,1,1,1,0,0,0,0,0,1,0,0,0,0,1,inactive
215,ZINC26516454|decoys_final|sdf|205,0,0,0,0,0,0,1,0,1,0,0,0,0,1,0,1,1,1,0,0,0,0,1,0,0,0,0,1,0,0,0,0,0,0,0,1,0,0,1,1,0,0,0,0,0,1,1,1,0,0,0,0,0,1,0,0,0,0,1,inactive
216,ZINC33487167|decoys_final|sdf|207,1,0,0,0,0,0,1,0,1,0,0,0,1,0,0,0,1,1,1,0,0,0,0,0,0,1,0,0,0,0,0,0,0,0,0,0,0,0,1,1,0,0,2,0,0,0,1,1,0,0,0,0,0,1,0,0,0,0,1,inactive
217,ZINC35751885|decoys_final|sdf|209,0,0,0,0,0,0,1,0,1,0,0,1,0,1,0,0,1,1,0,0,0,0,1,0,0,0,1,0,0,0,0,1,0,0,0,1,0,0,1,1,0,0,0,0,0,1,1,1,0,0,0,0,0,1,0,0,0,0,0,inactive
218,ZINC43125857|decoys_final|sdf|220,0,0,0,0,0,0,1,0,1,0,0,0,1,1,0,0,1,1,0,0,0,0,0,0,0,0,0,1,0,0,0,0,0,0,0,0,0,0,1,1,0,0,1,0,0,1,1,1,0,0,0,0,0,1,0,0,1,0,1,inactive
219,ZINC43386014|decoys_final|sdf|222,0,0,0,0,0,0,1,0,1,0,0,0,1,1,1,0,1,1,0,0,0,0,0,0,0,0,0,0,0,0,0,0,0,0,0,0,0,0,1,1,0,0,3,0,0,0,1,1,0,0,0,0,0,1,0,0,1,0,0,inactive
220,ZINC62773170|decoys_final|sdf|247,0,0,0,0,0,0,1,0,1,0,0,1,2,1,1,0,1,1,0,0,0,0,0,0,0,0,1,0,0,0,0,1,0,0,0,0,0,0,1,1,0,0,0,0,0,0,1,1,0,0,0,0,0,1,0,0,0,0,0,inactive
221,ZINC63772263|decoys_final|sdf|250,0,0,0,0,0,0,1,0,1,0,0,0,1,0,1,0,1,1,0,1,0,0,0,0,0,0,0,0,0,0,0,1,0,0,0,0,0,0,1,1,0,0,2,0,0,0,1,1,0,0,0,0,0,1,0,0,1,0,0,inactive
222,ZINC07418536|decoys_final|sdf|254,0,0,0,0,0,0,1,0,1,1,0,0,1,1,1,0,1,1,0,0,0,0,0,0,0,0,0,0,0,1,0,1,0,0,1,0,0,0,1,1,0,0,0,0,0,0,1,1,0,0,0,0,0,1,0,0,0,0,0,inactive
223,CHEMBL404505|actives_final|sdf|16,0,0,0,0,0,0,1,0,1,0,0,0,2,0,0,0,1,1,0,0,0,0,0,0,0,0,1,0,0,0,0,1,0,0,0,1,0,0,1,1,0,0,1,0,0,0,1,1,0,0,0,0,0,1,0,0,0,0,0,active
224,CHEMBL607864|actives_final|sdf|28,0,0,1,0,0,0,1,1,1,0,0,0,1,1,0,0,0,0,0,0,1,0,0,0,0,0,0,0,0,0,0,0,0,0,0,0,0,0,1,1,0,0,2,0,0,0,1,1,0,0,0,0,0,1,0,0,1,0,0,active
225,CHEMBL198810|actives_final|sdf|29,0,0,0,0,0,0,1,0,1,0,0,0,0,1,0,1,1,1,0,0,0,0,1,0,0,0,0,0,0,0,0,0,0,0,0,1,0,0,1,1,0,0,0,0,0,1,1,1,0,0,0,0,0,1,0,0,0,0,1,active
226,CHEMBL269073|actives_final|sdf|36,0,0,0,0,1,0,1,0,1,0,0,0,1,0,0,0,1,0,0,0,0,0,0,0,0,0,1,0,0,0,0,1,0,0,1,0,0,0,1,1,0,0,1,0,0,0,1,1,0,0,0,0,0,1,0,0,1,0,0,active
227,CHEMBL592976|actives_final|sdf|68,0,0,0,0,0,0,1,0,1,0,0,1,1,1,2,0,1,1,0,0,0,0,0,0,0,0,0,0,0,0,0,0,0,0,0,0,0,0,1,1,0,0,0,0,0,0,1,1,0,0,0,0,0,1,0,0,0,0,1,active
228,CHEMBL1213911|actives_final|sdf|75,0,0,0,0,1,0,1,0,1,0,0,0,0,1,0,1,0,0,2,0,0,0,0,0,0,0,0,0,0,0,0,0,0,0,0,1,0,0,1,1,0,0,0,0,0,1,1,1,0,0,0,0,0,1,0,0,0,0,1,active
229,CHEMBL552680|actives_final|sdf|96,0,0,0,0,0,0,1,0,1,0,0,0,2,0,1,0,1,1,0,0,0,0,0,0,0,0,0,0,0,0,0,1,0,0,0,1,0,0,1,1,0,0,0,0,0,0,1,1,0,0,0,0,0,1,0,0,0,0,1,active
230,CHEMBL315361|actives_final|sdf|111,0,0,0,0,0,0,1,0,1,0,0,0,2,0,1,0,1,0,0,0,0,0,0,0,0,0,0,0,0,0,0,0,0,0,0,0,0,0,1,1,0,0,2,0,0,0,1,1,0,0,0,0,0,1,0,0,1,0,1,active
231,CHEMBL66979|actives_final|sdf|114,0,0,0,0,0,0,1,0,1,0,0,0,0,1,0,1,1,1,0,0,0,0,0,0,0,0,1,0,0,0,0,1,0,0,0,0,0,0,1,1,0,0,0,0,0,1,1,1,0,0,0,0,0,1,0,0,0,0,1,active
232,CHEMBL79928|actives_final|sdf|128,0,0,0,0,0,0,1,0,1,0,0,0,1,1,0,0,1,1,0,0,0,0,0,1,0,0,1,0,0,0,0,1,0,0,0,0,0,0,1,1,0,0,1,0,0,0,1,1,0,0,0,0,0,1,0,0,0,0,0,active
233,CHEMBL57286|actives_final|sdf|152,0,0,0,0,0,0,1,0,1,0,0,0,1,1,1,0,0,1,0,0,0,0,0,0,0,0,0,0,0,0,0,0,0,0,0,0,0,0,1,1,0,0,2,0,1,0,1,1,0,0,0,0,0,1,0,0,1,0,0,active
234,CHEMBL598393|actives_final|sdf|158,0,0,0,0,0,0,1,0,1,0,0,0,1,1,0,0,1,1,0,0,1,0,0,1,0,0,0,0,0,0,0,0,0,0,0,1,0,0,1,1,0,0,0,0,1,0,1,1,0,0,0,0,0,1,0,0,0,0,0,active
235,ZINC41289522|decoys_final|sdf|24,0,0,1,0,2,0,1,0,1,0,0,0,1,0,0,0,1,0,0,0,0,0,0,0,0,0,0,0,0,0,0,0,0,0,0,0,0,0,1,1,0,0,1,0,0,0,1,1,0,0,0,0,0,1,0,0,1,0,1,inactive
236,ZINC12336608|decoys_final|sdf|62,0,0,0,0,0,0,1,0,1,1,0,0,1,0,0,0,0,0,0,0,0,0,0,0,0,0,0,0,0,0,0,0,0,0,0,0,0,0,1,1,0,0,3,0,1,0,1,1,0,0,0,0,0,1,0,0,2,0,0,inactive
237,ZINC43665605|decoys_final|sdf|83,0,0,0,0,0,0,1,1,1,0,0,0,1,0,0,1,1,1,0,0,0,0,0,0,0,0,1,0,0,0,0,0,0,0,0,1,0,0,1,1,0,0,0,0,0,1,1,1,0,0,0,0,0,1,0,0,0,0,0,inactive
238,ZINC04729628|decoys_final|sdf|90,0,0,0,0,0,0,1,0,1,0,0,0,0,0,2,0,1,1,0,0,0,0,0,0,0,0,1,0,0,0,0,1,0,0,1,0,0,0,1,1,0,0,0,0,0,0,1,1,0,0,0,0,0,1,0,0,0,0,1,inactive
239,ZINC33610295|decoys_final|sdf|114,0,0,0,0,0,0,1,1,1,0,0,0,0,0,0,0,1,1,0,0,0,0,1,0,0,0,1,0,0,0,0,0,0,0,0,1,0,0,1,1,0,0,0,0,0,1,1,1,0,0,0,0,0,1,0,0,0,0,1,inactive
240,ZINC37743360|decoys_final|sdf|118,0,0,0,0,0,0,1,0,1,0,0,1,0,1,0,0,1,1,1,0,0,0,0,0,0,0,0,0,0,0,0,1,0,0,0,0,0,0,1,1,1,0,1,0,0,0,1,1,0,0,0,0,0,1,0,0,0,0,0,inactive
241,ZINC39111969|decoys_final|sdf|123,0,0,0,0,0,0,1,0,1,0,0,0,0,0,0,0,1,1,0,0,0,0,1,0,0,0,1,0,0,0,0,1,0,0,0,1,0,0,1,1,0,0,0,0,0,1,1,1,0,0,0,0,0,1,0,0,0,0,1,inactive
242,ZINC39136014|decoys_final|sdf|125,0,0,0,0,0,0,1,0,1,0,0,1,0,1,1,0,1,1,0,0,0,0,0,0,0,0,0,0,0,0,0,0,0,0,0,0,0,0,1,1,0,0,2,0,0,0,1,1,0,0,0,0,0,1,0,0,1,0,0,inactive
243,ZINC41051392|decoys_final|sdf|127,0,0,0,0,0,0,1,0,1,1,0,0,1,1,0,0,1,1,0,0,0,0,0,0,0,0,0,0,0,0,0,1,0,0,0,0,0,0,1,1,0,0,2,0,0,0,1,1,0,0,0,0,0,1,0,0,0,0,0,inactive
244,ZINC53758183|decoys_final|sdf|139,0,0,0,0,0,0,1,0,1,0,0,0,2,1,1,0,1,1,0,0,0,0,0,0,0,0,0,0,0,0,0,1,0,0,0,0,0,0,1,1,1,0,0,0,0,0,1,1,0,0,0,0,0,1,0,0,0,0,0,inactive
245,ZINC34978434|decoys_final|sdf|165,0,0,0,0,0,0,1,0,1,0,0,0,0,1,0,0,1,1,0,0,0,0,0,0,0,0,1,0,0,0,0,1,0,0,0,0,0,0,1,1,0,0,2,0,0,0,1,1,0,0,0,0,0,1,0,0,0,0,1,inactive
246,ZINC54495002|decoys_final|sdf|232,0,0,0,0,0,0,1,0,1,0,0,0,1,0,2,0,1,1,0,0,0,0,0,0,0,1,1,0,0,0,0,1,0,0,0,0,0,0,1,1,0,0,0,0,0,0,1,1,0,0,0,0,0,1,0,0,0,0,0,inactive
247,CHEMBL295093|actives_final|sdf|58,0,0,0,0,0,0,1,0,1,0,0,0,0,1,0,0,1,1,0,0,0,0,1,0,0,0,1,0,0,0,0,1,0,0,0,0,0,0,1,1,0,0,0,0,0,0,1,1,0,0,0,0,0,1,0,0,0,0,1,active
248,CHEMBL1213911|actives_final|sdf|76,0,0,0,0,1,0,1,1,1,0,0,0,0,1,0,0,0,0,1,0,0,0,1,0,0,0,0,0,0,0,0,0,0,0,0,1,0,0,1,1,0,0,0,0,0,1,1,1,0,0,0,0,0,1,0,0,0,0,0,active
249,CHEMBL552680|actives_final|sdf|97,0,0,0,0,0,0,1,0,1,0,0,0,2,0,1,0,1,1,0,0,0,0,0,0,0,0,0,0,0,0,0,1,0,0,0,0,0,0,1,1,0,0,0,0,0,0,1,1,0,0,0,0,0,1,0,0,0,0,1,active
250,CHEMBL267399|actives_final|sdf|99,0,0,0,0,0,0,1,0,1,0,0,0,2,1,1,0,1,1,0,0,0,0,0,0,0,0,0,0,0,0,0,0,0,0,0,0,0,0,1,1,0,0,0,0,0,0,1,1,0,0,0,0,0,1,0,0,0,0,1,active
251,CHEMBL503807|actives_final|sdf|113,0,0,0,0,0,0,1,0,1,0,0,0,0,1,0,0,1,1,0,0,0,0,1,0,0,0,1,0,0,0,0,1,0,0,0,0,0,0,1,1,0,0,0,0,0,1,1,1,0,0,0,0,0,1,0,0,0,0,0,active
252,CHEMBL598393|actives_final|sdf|159,0,0,0,0,1,0,1,0,1,0,0,0,0,1,0,0,1,1,0,0,0,0,0,0,0,0,0,0,0,1,0,1,0,0,1,0,0,0,1,1,0,0,0,0,0,0,1,1,0,0,0,0,0,1,0,0,0,0,0,active
253,ZINC02004002|decoys_final|sdf|1,0,0,0,0,0,0,1,0,1,0,0,0,2,0,1,0,1,1,0,0,0,0,0,0,0,0,0,0,0,0,0,1,0,0,0,0,0,0,1,1,0,0,0,0,0,0,1,1,0,0,0,0,0,1,0,0,0,0,1,inactive
254,ZINC42443293|decoys_final|sdf|28,0,0,1,0,0,0,1,0,1,0,0,1,0,1,0,0,1,1,0,0,0,0,0,0,0,0,0,0,0,0,0,0,0,1,0,0,0,0,1,1,0,0,0,0,0,1,1,1,0,0,0,0,0,1,0,0,0,0,0,inactive
255,ZINC02243130|decoys_final|sdf|52,0,0,0,0,0,0,1,0,1,0,0,0,2,0,0,0,0,1,0,0,0,0,0,0,0,0,1,0,0,0,0,1,0,0,0,0,0,0,1,1,0,0,0,0,0,1,1,1,0,0,0,0,0,1,0,0,0,0,1,inactive
256,ZINC00713272|decoys_final|sdf|54,0,0,0,0,0,0,1,1,1,0,0,0,0,0,0,0,1,1,0,0,0,0,1,0,0,0,1,0,0,0,0,0,0,0,0,0,0,0,1,1,0,0,0,0,0,1,1,1,0,0,0,0,0,1,0,0,0,0,1,inactive
257,ZINC15442795|decoys_final|sdf|56,0,0,0,0,0,0,1,0,1,0,0,0,2,0,0,0,0,1,0,0,0,0,0,0,0,1,0,0,0,0,0,0,0,0,0,0,0,0,1,1,0,0,1,0,0,1,1,1,0,0,0,0,0,1,0,0,0,0,1,inactive
258,ZINC01682788|decoys_final|sdf|58,0,0,0,0,0,0,1,0,1,0,0,0,1,1,0,0,0,0,0,0,0,0,0,0,0,0,0,0,0,0,0,0,0,0,0,0,0,0,1,1,0,0,3,0,0,0,1,1,0,0,0,0,0,1,0,0,2,0,0,inactive
259,ZINC11757151|decoys_final|sdf|61,0,0,0,0,0,0,1,0,1,0,0,0,0,1,0,0,1,1,0,0,0,0,1,0,0,0,1,0,0,0,0,1,0,0,0,0,0,1,1,1,0,0,0,0,0,0,1,1,0,0,0,0,0,1,0,0,0,0,0,inactive
260,ZINC08614784|decoys_final|sdf|71,0,0,0,0,0,0,1,0,1,0,0,0,2,0,0,0,1,0,0,0,0,0,1,0,0,0,0,0,0,0,0,0,0,0,0,1,0,0,1,1,0,0,0,0,0,1,1,1,0,0,0,0,0,1,0,0,0,0,1,inactive
261,ZINC36286054|decoys_final|sdf|74,0,0,0,0,0,0,1,1,1,0,0,0,1,0,1,1,0,1,0,0,0,0,0,0,0,0,0,0,0,0,0,0,0,0,0,1,0,0,1,1,0,0,0,0,0,1,1,1,0,0,0,0,0,1,0,0,0,0,0,inactive
262,ZINC49582011|decoys_final|sdf|88,0,0,0,0,0,0,1,1,1,0,0,0,1,0,0,0,1,1,0,0,0,0,0,0,0,0,1,0,0,1,0,1,0,0,0,0,0,0,1,1,0,0,0,0,0,0,1,1,0,0,0,0,0,1,0,0,0,0,0,inactive
263,ZINC13476782|decoys_final|sdf|111,0,0,0,0,0,0,1,0,1,0,0,0,2,0,0,0,1,1,0,0,0,0,0,0,0,0,1,0,0,0,0,1,0,0,0,0,0,0,1,1,0,0,0,0,0,1,1,1,0,0,0,0,0,1,0,0,0,0,0,inactive
264,ZINC36437674|decoys_final|sdf|115,0,0,0,0,0,0,1,0,1,0,0,0,1,1,0,1,1,0,0,0,0,0,0,0,0,0,0,0,0,0,0,1,0,0,0,0,0,0,1,1,0,0,0,0,0,1,1,1,0,0,0,0,0,1,0,0,0,0,1,inactive
265,ZINC37376645|decoys_final|sdf|116,0,0,0,0,1,0,1,0,1,0,0,1,1,0,0,0,1,1,0,0,0,0,0,0,0,0,0,0,0,0,0,1,0,0,0,0,0,0,1,1,0,0,0,0,0,0,1,1,0,0,0,0,0,1,0,0,1,0,0,inactive
266,ZINC53753062|decoys_final|sdf|138,0,0,0,0,0,0,1,0,1,1,0,0,0,1,0,0,0,0,0,0,2,0,0,0,0,0,0,0,0,0,0,0,0,0,0,0,0,0,1,1,0,0,2,0,0,0,1,1,0,0,0,0,0,1,0,0,1,0,0,inactive
267,ZINC38040427|decoys_final|sdf|170,0,0,1,0,1,0,1,0,1,0,0,1,0,1,0,0,0,0,1,0,0,0,0,0,0,0,0,0,0,0,0,0,0,0,0,1,0,0,1,1,0,0,0,0,0,0,1,1,0,0,0,0,0,1,0,0,0,0,1,inactive
268,ZINC39056735|decoys_final|sdf|171,0,0,0,0,0,0,1,1,1,0,0,0,0,0,1,0,1,0,0,0,0,0,1,0,0,0,0,0,0,0,0,1,0,0,0,1,0,0,1,1,0,0,0,0,0,1,1,1,0,0,0,0,0,1,0,0,0,0,0,inactive
269,ZINC41046623|decoys_final|sdf|174,0,0,0,0,0,0,1,1,1,0,0,1,1,0,1,0,0,1,0,0,0,0,0,0,0,0,0,0,0,0,0,1,0,0,0,0,0,0,1,1,1,0,0,0,0,0,1,1,0,0,0,0,0,1,0,0,0,0,0,inactive
270,CHEMBL544509|actives_final|sdf|147,0,0,1,0,0,0,1,0,1,0,0,0,0,0,0,0,1,1,0,0,0,0,0,0,0,0,0,0,0,0,0,1,0,0,1,0,0,0,1,1,0,0,0,0,0,0,1,1,0,0,0,0,0,1,0,0,0,0,1,active
271,ZINC35753760|decoys_final|sdf|15,0,0,1,0,0,0,1,0,1,0,0,0,0,0,0,1,1,0,0,0,0,0,0,0,0,0,0,0,0,0,0,0,0,0,0,1,0,0,1,1,0,0,0,0,0,1,1,1,0,0,0,0,0,1,0,0,0,0,1,inactive
272,ZINC26512644|decoys_final|sdf|68,0,0,0,0,0,0,1,0,1,0,0,0,1,0,2,0,1,1,0,0,0,0,0,0,0,0,0,0,0,0,0,1,0,0,0,0,0,0,1,1,0,0,0,0,0,0,1,1,0,0,0,0,0,1,0,0,0,0,0,inactive
273,ZINC44713334|decoys_final|sdf|84,0,0,0,0,0,0,1,0,1,0,0,0,2,0,1,0,1,0,0,0,0,0,0,0,0,0,0,0,0,0,0,0,0,1,0,0,1,0,1,1,0,0,0,0,0,0,1,1,0,0,0,0,0,1,0,0,0,0,0,inactive
274,ZINC62498575|decoys_final|sdf|94,0,0,0,0,0,0,1,1,1,0,0,0,0,0,0,0,0,1,0,0,0,0,0,0,0,1,1,0,0,0,0,1,0,0,0,0,0,0,1,1,0,0,0,0,0,1,1,1,0,0,0,0,0,1,0,0,0,0,0,inactive
275,ZINC43096401|decoys_final|sdf|218,0,0,0,0,0,0,1,0,1,0,0,0,1,0,0,0,0,1,0,0,0,0,0,0,0,0,1,1,0,0,0,1,0,0,0,1,0,0,1,1,0,0,0,0,0,0,1,1,0,0,0,0,0,1,0,0,0,0,0,inactive
276,CHEMBL522271|actives_final|sdf|5,0,0,0,0,0,0,1,0,1,0,0,0,0,1,0,0,1,0,1,0,0,0,0,0,0,0,0,0,0,0,0,1,0,0,0,0,0,0,1,1,0,0,0,0,1,0,1,1,0,0,0,0,0,1,0,0,0,0,0,active
277,ZINC00225043|decoys_final|sdf|77,0,0,0,0,0,0,1,0,1,0,0,0,0,0,0,0,1,1,0,0,0,0,1,0,0,0,0,0,0,0,0,1,0,0,0,1,0,0,1,1,0,0,0,0,0,0,1,1,0,0,0,0,0,1,0,0,0,0,0,inactive
278,ZINC39059368|decoys_final|sdf|85,0,0,0,0,0,0,1,1,1,0,0,0,0,0,0,0,1,1,0,0,0,0,0,0,0,0,0,0,0,0,0,1,0,0,0,0,0,1,1,1,0,0,0,0,0,0,1,1,0,0,0,0,0,1,0,0,0,0,0,inactive
279,ZINC43542940|decoys_final|sdf|181,0,0,0,0,0,0,1,1,1,0,0,0,0,1,1,0,0,1,0,0,0,0,0,0,0,0,0,0,0,0,0,0,0,0,0,0,0,0,1,1,0,0,0,0,0,1,1,1,0,0,0,0,0,1,0,0,0,0,0,inactive
280,CHEMBL589765|actives_final|sdf|77,0,0,0,0,0,0,1,0,1,0,0,0,0,0,1,0,0,0,0,0,0,0,0,0,0,0,0,0,0,0,0,0,0,0,0,0,0,0,1,1,0,0,2,0,0,0,1,1,0,0,0,0,0,1,0,0,0,0,0,active
281,CHEMBL522271|actives_final|sdf|3,0,0,0,0,0,0,1,0,1,0,0,0,0,1,1,0,0,0,0,0,0,0,0,0,0,0,0,0,0,0,0,0,0,0,0,0,0,0,1,1,0,0,0,0,0,0,1,1,0,0,0,0,0,1,0,0,0,0,0,active
282,CHEMBL522271|actives_final|sdf|4,0,0,0,0,0,0,1,0,1,0,0,0,0,1,1,0,0,0,0,0,0,0,0,0,0,0,0,0,0,0,0,0,0,0,0,0,0,0,1,1,0,0,0,0,0,0,1,1,0,0,0,0,0,1,0,0,0,0,0,active
