,INDEX,NAME,Salt_Bridge:GLU84B,Hydrophobic_Interaction:GLU84B,Halogen_Bond:GLN206B,Hydrophobic_Interaction:LEU328B,Water_Bridge:THR201B,Halogen_Bond:SER200B,Hydrophobic_Interaction:TYR435A,Hydrogen_Bond:PRO102B,Hydrophobic_Interaction:TYR398A,Hydrophobic_Interaction:PRO102B,Halogen_Bond:ILE199B,Hydrophobic_Interaction:PHE99B,Hydrogen_Bond:TYR326B,Hydrophobic_Interaction:LEU88B,Hydrogen_Bond:GLN206B,Hydrophobic_Interaction:TRP119B,Hydrophobic_Interaction:ILE199B,Hydrophobic_Interaction:ILE316B,Hydrogen_Bond:GLY101B,Halogen_Bond:GLY101B,Hydrogen_Bond:THR202B,Hydrogen_Bond:SER200B,Hydrophobic_Interaction:LEU167B,Water_Bridge:SER200B,Halogen_Bond:THR202B,Halogen_Bond:LEU164B,Hydrophobic_Interaction:LEU171B,Hydrogen_Bond:ILE199B,Hydrogen_Bond:LEU171B,Hydrogen_Bond:PHE168B,Hydrophobic_Interaction:THR196B,Hydrophobic_Interaction:TYR326B,Water_Bridge:LEU167B,Halogen_Bond:THR201B,Hydrogen_Bond:LEU164B,Hydrophobic_Interaction:PHE168B,Halogen_Bond:GLU84B,Hydrogen_Bond:LEU167B,Water_Bridge:TYR435A,Hydrophobic_Interaction:PHE343A,Hydrophobic_Interaction:THR314B,Water_Bridge:PRO476B,Hydrogen_Bond:THR201B,Halogen_Bond:TYR326B,Water_Bridge:THR202B,Hydrophobic_Interaction:LEU164B,Pi-Stacking:TYR398A,Hydrophobic_Interaction:TYR60A,Hydrogen_Bond:GLU84B,Halogen_Bond:PRO102B,Pi-Stacking:PHE168B,Pi-Stacking:TYR326B,Hydrogen_Bond:ASN203B,Hydrophobic_Interaction:GLN206A,Hydrophobic_Interaction:THR201B,Hydrophobic_Interaction:THR202B,Water_Bridge:GLU84B,Hydrophobic_Interaction:PRO104B,Hydrophobic_Interaction:PHE103B,LABEL,SCORE
16,17,CHEMBL1213841|actives_final|sdf|144,0,0,0,0,1,0,1,1,1,1,0,0,1,1,0,0,1,1,1,0,0,0,1,0,0,0,1,0,0,0,0,1,0,0,0,1,0,0,1,1,0,0,0,0,1,1,1,1,0,0,0,0,0,1,0,0,0,0,0,active,9
0,1,CHEMBL583128|actives_final|sdf|78,1,0,0,0,0,0,1,0,1,0,0,1,0,1,0,1,1,1,1,0,0,0,1,0,0,0,1,0,0,0,0,1,0,0,0,1,0,0,1,1,0,0,1,0,2,1,1,1,0,0,0,0,0,1,0,0,2,0,0,active,7
1,2,CHEMBL583128|actives_final|sdf|79,1,0,0,0,0,0,1,0,1,0,0,1,0,1,0,1,1,1,1,0,0,0,1,0,0,0,1,0,0,0,0,1,0,0,0,1,0,0,1,1,0,0,1,0,2,1,1,1,0,0,0,0,0,1,0,0,2,0,0,active,7
60,61,CHEMBL598394|actives_final|sdf|160,0,0,0,0,0,0,1,0,1,0,0,0,1,1,0,0,1,1,0,0,1,0,1,1,0,0,1,0,0,0,0,1,0,0,0,1,0,0,1,1,0,0,0,0,1,1,1,1,0,0,0,0,0,1,0,0,0,0,0,active,7
51,52,CHEMBL151125|actives_final|sdf|10,1,0,0,0,0,0,1,0,1,1,0,0,1,1,0,0,0,1,0,0,1,0,1,0,0,0,1,0,0,0,0,1,0,0,0,1,0,0,1,1,1,0,0,0,0,1,1,1,0,0,0,0,0,1,0,0,0,0,0,active,7
28,29,CHEMBL434261|actives_final|sdf|20,0,0,0,0,0,0,1,0,1,0,0,0,1,1,0,0,1,1,1,0,1,0,1,0,0,0,1,0,0,0,0,0,0,0,0,1,0,0,1,1,0,0,2,0,0,1,1,1,0,0,0,0,0,1,0,0,1,0,0,active,7
27,28,CHEMBL274513|actives_final|sdf|1,0,0,0,0,0,0,1,0,1,1,0,0,0,1,0,0,1,1,0,0,1,0,1,0,0,0,1,0,0,0,0,1,0,0,0,1,0,0,1,1,0,0,2,0,0,1,1,1,0,0,0,0,0,1,0,0,1,0,0,active,7
18,19,CHEMBL17092|actives_final|sdf|155,0,0,0,0,0,0,1,0,1,0,0,1,1,1,0,0,1,1,1,0,2,0,1,0,0,0,1,0,0,0,0,1,0,0,0,1,0,0,1,1,0,0,1,0,0,1,1,1,0,0,0,0,0,1,0,0,0,0,0,active,7
95,96,CHEMBL333304|actives_final|sdf|167,0,0,0,0,1,0,1,0,1,1,0,0,0,1,0,1,1,0,1,0,0,0,0,0,0,0,0,0,0,0,0,0,0,0,0,1,0,0,1,1,0,0,0,0,1,1,1,1,0,0,0,0,0,1,0,0,1,0,1,active,7
6,7,ZINC08849448|decoys_final|sdf|257,0,0,0,0,1,0,1,0,1,1,0,0,2,1,0,0,1,1,1,0,0,0,1,1,0,0,1,0,0,0,0,1,0,0,0,1,0,0,1,1,0,0,1,0,0,0,1,1,0,0,0,0,0,1,0,1,0,0,1,inactive,7
32,33,CHEMBL325841|actives_final|sdf|105,0,0,0,0,0,0,1,0,1,0,0,1,0,1,1,1,1,1,1,0,0,0,1,0,0,0,1,0,0,0,0,1,0,0,0,1,0,0,1,1,0,0,0,0,0,1,1,1,0,0,0,0,0,1,0,0,0,0,1,active,6
137,138,CHEMBL597373|actives_final|sdf|132,0,0,0,0,0,0,1,0,1,0,0,0,1,1,0,0,1,1,1,0,0,0,1,0,0,0,1,0,0,0,0,1,0,0,0,1,0,0,1,1,0,0,0,0,1,0,1,1,0,0,0,0,0,1,0,0,0,0,0,active,6
59,60,CHEMBL1213777|actives_final|sdf|149,0,0,0,0,1,0,1,1,1,1,0,0,0,1,0,1,1,1,0,0,0,0,0,0,0,0,1,0,0,0,0,1,0,0,0,1,0,0,1,1,0,0,0,0,0,1,1,1,0,0,0,0,0,1,0,0,0,0,1,active,6
4,5,ZINC36683565|decoys_final|sdf|17,0,0,0,0,1,0,1,0,1,0,0,1,1,1,0,1,1,1,0,0,0,0,1,0,0,0,1,0,0,0,0,1,0,0,0,1,0,0,1,1,0,0,2,0,0,1,1,1,1,0,0,0,0,1,0,0,0,0,1,inactive,6
247,248,CHEMBL1213911|actives_final|sdf|76,0,0,0,0,1,0,1,1,1,0,0,0,0,1,0,0,0,0,1,0,0,0,1,0,0,0,0,0,0,0,0,0,0,0,0,1,0,0,1,1,0,0,0,0,0,1,1,1,0,0,0,0,0,1,0,0,0,0,0,active,6
78,79,ZINC08503803|decoys_final|sdf|256,0,0,0,0,1,0,1,1,1,1,0,0,1,1,0,0,1,1,1,0,0,0,0,0,0,0,0,0,0,0,0,1,0,0,0,1,0,0,1,1,0,0,0,0,1,0,1,1,0,0,0,0,0,1,0,0,0,0,1,inactive,6
85,86,CHEMBL243733|actives_final|sdf|50,0,0,0,0,1,0,1,0,1,1,0,0,0,1,0,0,1,1,0,0,0,0,1,0,0,0,0,0,0,0,0,1,1,0,0,1,0,0,1,1,0,0,0,0,0,1,1,1,0,0,0,0,0,1,0,0,0,0,1,active,6
36,37,CHEMBL489720|actives_final|sdf|168,0,0,0,0,0,0,1,0,1,1,0,0,0,1,0,1,1,1,0,0,2,0,1,0,0,0,0,0,0,0,0,1,0,0,0,1,0,0,1,1,0,0,1,0,0,1,1,1,0,0,0,0,0,1,0,0,0,0,1,active,6
58,59,CHEMBL1213718|actives_final|sdf|138,0,0,0,0,1,0,1,1,1,0,0,0,0,1,0,1,1,1,1,0,0,0,0,0,0,0,0,0,0,0,0,1,0,0,0,1,0,0,1,1,0,0,0,0,1,1,1,1,0,0,0,0,0,1,0,0,0,0,1,active,6
124,125,CHEMBL127983|actives_final|sdf|31,0,0,0,0,0,0,1,0,1,1,0,0,1,1,0,0,1,0,0,0,0,0,1,0,1,0,1,0,0,0,0,1,0,0,0,1,0,0,1,1,0,0,0,0,0,1,1,1,0,0,0,0,0,1,0,0,0,0,0,active,6
125,126,CHEMBL16530|actives_final|sdf|41,0,0,0,0,0,0,1,0,1,0,0,1,0,1,0,0,1,1,0,0,0,0,1,0,0,0,1,0,0,0,0,0,0,0,0,1,0,0,1,1,0,0,1,0,1,1,1,1,0,0,0,0,0,1,0,0,0,0,0,active,6
25,26,ZINC11820630|decoys_final|sdf|260,0,0,0,0,2,0,1,0,1,1,0,0,0,1,0,1,1,0,0,0,0,1,1,0,0,0,0,1,0,0,0,1,0,0,0,1,0,0,1,1,1,0,1,0,0,1,1,1,0,0,0,0,0,1,0,0,0,0,0,inactive,6
54,55,CHEMBL1213972|actives_final|sdf|56,0,0,0,0,1,0,1,0,1,0,0,0,0,1,0,0,1,1,2,0,0,0,1,0,0,0,1,0,0,0,0,1,0,0,1,1,0,0,1,1,0,0,0,0,0,0,1,1,0,0,0,0,0,1,0,0,0,0,1,active,6
7,8,CHEMBL294811|actives_final|sdf|15,0,0,0,0,0,0,1,0,1,1,0,0,1,1,1,1,1,1,0,0,0,0,0,2,0,0,1,0,0,0,0,1,0,0,0,1,0,0,1,1,0,0,0,0,1,1,1,1,0,0,0,0,0,1,0,0,0,0,1,active,6
2,3,ZINC32575615|decoys_final|sdf|262,0,0,0,0,0,0,1,0,1,1,0,0,1,1,1,0,1,1,0,0,1,0,0,0,0,0,1,1,0,0,0,1,0,0,0,1,0,0,1,1,0,0,3,0,0,1,1,1,0,0,0,0,0,1,0,0,2,0,0,inactive,6
11,12,ZINC21531481|decoys_final|sdf|261,0,0,0,0,0,0,1,0,1,1,0,0,1,1,1,0,1,1,0,0,1,0,1,0,0,0,1,0,0,0,0,1,0,0,0,1,0,0,1,1,1,0,1,0,0,0,1,1,1,0,0,0,0,1,0,0,0,0,1,inactive,6
12,13,CHEMBL450239|actives_final|sdf|11,0,0,0,0,0,0,1,0,1,0,0,0,0,0,0,1,1,1,2,0,1,0,1,0,0,0,1,0,0,0,0,1,0,0,0,1,0,0,1,1,0,0,2,0,0,1,1,1,0,0,0,0,0,1,0,0,1,0,0,active,6
144,145,CHEMBL333304|actives_final|sdf|166,0,0,0,0,1,0,1,0,1,0,0,0,1,1,0,0,0,1,1,0,0,0,1,0,0,0,1,0,0,0,0,1,0,0,0,1,0,0,1,1,0,0,0,0,0,0,1,1,0,0,0,0,0,1,0,0,1,0,0,active,6
68,69,ZINC13822376|decoys_final|sdf|153,0,0,0,0,0,0,1,0,1,0,0,0,2,1,0,1,1,1,0,0,0,0,1,0,0,0,1,0,0,0,0,1,0,0,0,1,0,0,1,1,0,0,0,0,0,1,1,1,0,0,0,0,0,1,0,0,0,0,1,inactive,5
84,85,CHEMBL55674|actives_final|sdf|48,0,0,0,0,1,0,1,0,1,0,0,0,0,1,1,0,1,0,1,0,0,0,0,0,0,0,1,0,0,0,0,1,0,0,1,0,0,0,1,1,0,0,1,0,0,1,1,1,0,0,0,0,0,1,0,0,0,0,1,active,5
83,84,CHEMBL462054|actives_final|sdf|26,1,0,0,0,1,0,1,0,1,1,0,0,2,1,0,0,1,1,0,0,0,0,0,0,0,0,1,0,0,0,0,0,0,0,0,1,0,0,1,1,0,0,0,0,0,0,1,1,0,0,0,0,0,1,0,0,0,0,1,active,5
79,80,ZINC03426065|decoys_final|sdf|266,0,0,1,0,1,0,1,1,1,0,0,0,1,0,0,1,1,0,1,0,0,0,0,0,0,0,1,0,0,0,0,0,0,0,0,0,0,0,1,1,0,0,0,0,1,1,1,1,0,1,0,0,0,1,0,0,0,0,1,inactive,5
181,182,CHEMBL1213915|actives_final|sdf|19,0,0,0,0,1,0,1,1,1,0,0,0,0,1,0,0,1,1,1,0,0,0,1,0,0,0,0,0,0,0,0,0,0,0,0,1,0,0,1,1,0,0,0,0,0,0,1,1,0,0,0,0,0,1,0,0,0,0,1,active,5
136,137,CHEMBL18153|actives_final|sdf|126,0,0,0,0,0,0,1,0,1,0,0,0,0,1,0,0,1,1,0,0,0,0,1,0,0,0,1,0,0,0,0,1,0,0,0,1,0,0,1,1,0,0,2,0,0,1,1,1,0,0,0,0,0,1,0,0,0,0,0,active,5
65,66,ZINC26516527|decoys_final|sdf|69,0,0,0,0,0,0,1,0,1,0,0,0,1,1,1,1,1,1,0,0,0,0,1,0,0,0,1,0,0,0,0,1,0,0,0,1,0,0,1,1,0,0,0,0,0,1,1,1,0,0,0,0,0,1,0,0,0,0,1,inactive,5
64,65,ZINC62622808|decoys_final|sdf|47,0,0,0,0,0,0,1,1,1,0,0,1,0,1,0,1,1,1,0,0,0,0,1,0,0,0,1,0,0,0,0,1,0,0,0,1,0,0,1,1,0,0,0,0,0,1,1,1,0,0,0,0,0,1,0,0,0,0,1,inactive,5
89,90,CHEMBL240143|actives_final|sdf|71,0,0,0,0,0,0,1,0,1,0,0,0,1,1,0,0,1,1,0,0,0,0,1,0,0,0,1,0,0,0,0,1,0,0,0,1,0,0,1,1,1,0,1,0,0,1,1,1,0,0,0,0,0,1,0,0,0,0,0,active,5
189,190,CHEMBL464798|actives_final|sdf|81,0,0,0,0,0,0,1,0,1,0,0,0,1,1,0,0,1,1,0,0,0,0,1,0,0,0,1,0,0,0,0,1,0,0,0,1,0,0,1,1,0,0,0,0,0,1,1,1,0,0,0,0,0,1,0,0,0,0,0,active,5
3,4,CHEMBL45069|actives_final|sdf|163,0,0,0,0,0,0,1,0,1,1,0,0,1,1,0,0,1,1,0,0,0,0,1,1,0,0,0,0,0,0,1,1,0,0,0,1,0,0,1,1,1,0,2,0,0,1,1,1,0,0,0,0,0,1,0,0,1,0,1,active,5
198,199,CHEMBL601205|actives_final|sdf|151,0,0,0,0,0,0,1,0,1,0,0,0,0,1,0,0,1,1,0,0,0,0,1,0,0,0,1,0,0,0,0,1,0,0,0,1,0,0,1,1,0,0,0,0,0,1,1,1,0,0,0,0,0,1,0,0,0,0,1,active,5
94,95,CHEMBL19004|actives_final|sdf|162,0,0,0,0,0,0,1,0,1,0,0,0,0,0,0,0,1,1,0,0,1,0,1,0,0,0,1,0,0,0,0,1,0,0,0,1,0,0,1,1,0,0,2,0,0,1,1,1,0,0,0,0,0,1,0,0,1,0,0,active,5
92,93,CHEMBL455989|actives_final|sdf|115,0,0,0,0,1,0,1,0,1,1,0,0,0,1,0,1,1,1,0,0,0,1,0,0,0,0,0,0,0,0,0,1,0,0,0,1,0,0,1,1,0,0,0,0,0,1,1,1,0,0,0,0,0,1,0,0,0,0,1,active,5
134,135,CHEMBL414637|actives_final|sdf|103,0,0,0,0,0,1,1,0,1,0,0,0,0,1,0,0,1,1,0,1,0,0,1,0,0,0,1,0,0,0,0,1,0,0,0,1,0,0,1,1,0,0,0,0,0,1,1,1,0,0,0,0,0,1,0,0,0,0,0,active,5
10,11,ZINC36984522|decoys_final|sdf|213,0,0,0,0,0,0,1,0,1,0,0,0,1,1,0,1,1,1,0,0,0,0,1,0,0,0,1,1,0,0,0,1,0,0,0,1,0,0,1,1,0,0,2,0,0,1,1,1,0,0,0,0,0,1,0,0,1,0,1,inactive,5
105,106,ZINC62990302|decoys_final|sdf|147,0,0,0,0,0,0,1,1,1,0,0,0,1,1,0,1,1,1,0,0,0,0,1,0,0,0,1,0,0,0,0,0,0,0,0,1,0,0,1,1,0,0,0,0,0,1,1,1,0,0,0,0,0,1,0,0,0,0,1,inactive,5
167,168,ZINC61640745|decoys_final|sdf|198,0,0,0,0,0,0,1,0,1,0,0,0,1,1,1,0,0,0,0,0,0,0,0,0,0,0,1,0,0,0,0,0,0,0,0,1,0,0,1,1,0,0,2,0,1,1,1,1,0,0,0,0,0,1,0,0,1,0,0,inactive,5
111,112,ZINC45208069|decoys_final|sdf|183,0,0,0,0,0,0,1,0,1,0,0,0,0,1,0,1,1,1,0,0,0,0,1,0,0,0,1,1,0,0,0,1,0,0,0,1,0,0,1,1,0,0,0,0,0,1,1,1,0,0,0,0,0,1,0,0,0,0,1,inactive,5
112,113,ZINC45806148|decoys_final|sdf|186,0,0,0,0,1,0,1,0,1,0,0,0,0,0,0,0,1,1,1,0,0,0,1,0,0,0,1,1,0,0,0,1,0,0,0,0,0,0,1,1,0,0,1,0,0,1,1,1,0,0,0,0,0,1,0,0,0,0,1,inactive,5
114,115,ZINC49611240|decoys_final|sdf|225,0,0,0,0,0,0,1,0,1,0,0,0,0,1,0,1,1,1,0,0,2,0,1,0,0,0,0,0,0,0,0,1,0,0,0,1,0,0,1,1,0,0,1,0,0,1,1,1,0,0,0,0,0,1,0,0,0,0,0,inactive,5
158,159,ZINC31996489|decoys_final|sdf|141,0,0,0,0,1,0,1,0,1,0,0,0,0,0,0,1,0,1,0,0,0,0,1,0,0,0,1,1,0,0,0,1,0,0,0,1,0,0,1,1,0,0,0,0,0,1,1,1,0,0,0,0,0,1,0,0,0,0,1,inactive,5
127,128,CHEMBL394942|actives_final|sdf|49,0,0,0,0,0,0,1,0,1,0,0,0,1,1,0,1,1,1,1,0,0,0,1,0,0,0,0,0,0,0,0,0,0,0,0,1,0,0,1,1,0,0,0,0,0,1,1,1,0,0,0,0,0,1,0,0,0,0,1,active,5
130,131,CHEMBL573301|actives_final|sdf|62,0,0,0,0,0,0,1,0,1,0,0,0,0,1,0,0,1,1,1,0,1,0,0,0,0,0,0,0,0,0,0,1,0,0,0,0,0,1,1,1,0,0,0,0,2,1,1,1,0,0,0,0,0,1,0,0,0,0,0,active,5
143,144,CHEMBL171809|actives_final|sdf|165,0,0,0,0,0,0,1,0,1,0,0,1,0,1,0,1,1,1,0,0,0,0,1,0,0,0,1,0,0,0,0,0,0,0,0,1,0,0,1,1,0,0,0,0,0,1,1,1,0,0,0,0,0,1,0,0,0,0,1,active,5
216,217,ZINC35751885|decoys_final|sdf|209,0,0,0,0,0,0,1,0,1,0,0,1,0,1,0,0,1,1,0,0,0,0,1,0,0,0,1,0,0,0,0,1,0,0,0,1,0,0,1,1,0,0,0,0,0,1,1,1,0,0,0,0,0,1,0,0,0,0,0,inactive,5
9,10,ZINC20549743|decoys_final|sdf|163,0,0,0,0,0,0,1,0,1,0,0,0,0,1,1,1,1,1,0,0,0,0,0,0,0,0,1,0,0,0,0,1,0,0,0,1,0,0,1,1,0,0,2,0,1,1,1,1,0,0,0,0,0,1,0,0,2,0,1,inactive,5
227,228,CHEMBL1213911|actives_final|sdf|75,0,0,0,0,1,0,1,0,1,0,0,0,0,1,0,1,0,0,2,0,0,0,0,0,0,0,0,0,0,0,0,0,0,0,0,1,0,0,1,1,0,0,0,0,0,1,1,1,0,0,0,0,0,1,0,0,0,0,1,active,5
31,32,CHEMBL595|actives_final|sdf|89,0,0,0,0,0,0,1,0,1,1,0,0,0,1,0,0,1,1,0,0,0,0,0,0,0,0,1,0,0,0,0,1,0,0,0,1,0,0,1,1,0,1,2,0,0,1,1,1,0,0,0,0,1,1,0,0,1,0,0,active,5
15,16,CHEMBL453369|actives_final|sdf|127,0,1,0,1,0,0,1,0,1,1,0,0,2,1,0,0,1,1,0,0,0,0,1,0,0,0,1,0,0,0,0,1,0,0,0,1,0,0,1,1,1,0,0,0,0,0,1,1,0,0,0,0,0,1,1,0,0,0,0,active,5
22,23,ZINC20252533|decoys_final|sdf|161,0,0,0,0,0,0,1,0,1,0,0,1,1,1,0,0,1,1,0,0,0,0,1,0,0,0,1,0,0,0,0,0,0,0,0,0,0,0,1,1,0,0,2,0,1,1,1,1,1,0,0,0,0,1,0,0,1,0,1,inactive,5
5,6,ZINC34516025|decoys_final|sdf|197,0,0,0,0,1,0,1,1,1,0,0,0,1,0,0,1,1,1,0,0,0,0,1,0,0,0,1,0,0,0,0,1,0,0,0,1,0,0,1,1,0,0,2,0,0,1,1,1,1,0,1,0,0,1,0,0,0,0,1,inactive,5
17,18,CHEMBL513549|actives_final|sdf|153,0,0,0,0,0,0,1,1,1,0,0,0,1,0,1,0,1,1,0,0,1,0,1,0,0,0,1,0,0,0,0,1,0,0,0,1,0,0,1,1,0,0,2,0,0,1,1,1,0,0,0,0,0,1,0,0,1,0,0,active,5
8,9,CHEMBL502021|actives_final|sdf|124,0,0,0,0,0,0,1,0,1,1,0,0,1,1,1,1,1,1,0,0,0,0,1,1,0,0,0,0,0,0,0,0,0,0,0,1,0,0,1,1,0,0,1,0,0,1,1,1,0,0,0,0,0,1,0,1,1,0,1,active,5
44,45,ZINC40932288|decoys_final|sdf|82,0,0,0,0,0,0,1,1,1,0,0,0,1,1,0,1,1,1,0,0,0,0,1,0,0,0,1,0,0,0,0,1,0,0,0,1,0,0,1,1,1,0,0,0,0,1,1,1,0,0,0,0,0,1,0,0,0,0,1,inactive,5
52,53,CHEMBL447043|actives_final|sdf|30,0,0,0,0,0,0,1,1,1,0,0,0,1,1,0,1,1,1,0,0,0,0,1,0,0,0,1,0,0,0,0,1,0,0,0,1,0,0,1,1,0,0,0,0,0,1,1,1,0,0,0,0,0,1,0,0,0,0,1,active,5
13,14,CHEMBL145330|actives_final|sdf|12,0,0,0,0,0,0,1,0,1,0,0,0,1,0,0,0,1,1,0,0,0,0,1,0,0,0,1,0,0,0,0,1,0,0,0,1,0,0,1,1,0,0,2,0,2,1,1,1,0,0,0,0,0,1,0,0,2,0,0,active,5
53,54,CHEMBL276915|actives_final|sdf|44,0,0,0,0,1,0,1,0,1,0,0,0,1,1,0,1,1,1,0,0,0,0,1,0,0,0,0,0,0,0,0,0,0,0,0,1,0,0,1,1,0,0,2,0,0,1,1,1,0,0,0,0,0,1,0,0,1,0,0,active,5
50,51,CHEMBL151125|actives_final|sdf|7,1,1,0,0,0,0,1,0,1,1,0,0,1,1,0,0,1,1,0,0,0,0,1,0,0,0,1,0,0,0,0,1,0,0,0,1,0,0,1,1,1,0,0,0,0,0,1,1,0,0,0,0,0,1,0,0,0,0,0,active,5
108,109,ZINC19754157|decoys_final|sdf|159,0,0,0,0,0,0,1,0,1,0,0,1,2,1,1,1,0,1,0,0,0,0,1,0,0,0,1,0,0,0,0,0,0,0,0,1,0,0,1,1,0,0,0,0,0,0,1,1,0,0,0,0,0,1,0,0,0,0,1,inactive,4
139,140,CHEMBL597372|actives_final|sdf|134,0,0,0,0,0,0,1,0,1,0,0,0,0,0,0,0,1,1,0,0,0,0,1,0,0,0,1,0,0,0,0,1,0,0,0,1,0,0,1,1,0,0,2,0,0,1,1,1,0,0,0,0,0,1,0,0,1,0,0,active,4
138,139,CHEMBL597372|actives_final|sdf|133,0,0,0,0,0,0,1,0,1,0,0,0,1,1,0,0,1,1,0,0,1,0,0,1,0,0,0,0,0,0,0,0,0,0,0,1,0,0,1,1,0,0,1,0,0,1,1,1,1,0,0,0,0,1,0,0,0,0,0,active,4
23,24,ZINC40909175|decoys_final|sdf|172,0,0,0,0,0,0,1,0,1,0,0,0,1,1,0,1,1,1,0,0,0,0,0,0,0,0,1,0,0,0,0,1,0,0,0,0,0,0,1,1,0,0,3,0,1,1,1,1,0,0,0,0,0,1,0,0,1,0,1,inactive,4
24,25,ZINC61120843|decoys_final|sdf|239,0,0,0,0,0,0,1,0,1,0,0,1,2,0,1,1,1,1,0,0,0,0,1,0,0,0,1,0,0,0,0,0,0,0,0,1,0,0,1,1,0,0,1,0,1,0,1,1,0,0,0,0,0,1,0,0,1,0,1,inactive,4
26,27,ZINC09686857|decoys_final|sdf|270,0,0,0,0,0,0,1,0,1,1,0,1,2,1,0,0,1,1,2,0,0,0,0,0,0,0,0,0,0,0,0,0,0,0,0,0,0,0,1,1,0,0,2,0,1,0,1,1,0,0,0,0,0,1,0,0,1,0,1,inactive,4
128,129,CHEMBL269074|actives_final|sdf|53,0,0,0,0,0,0,1,1,1,0,0,0,2,0,0,0,1,1,0,0,0,0,1,0,0,0,1,0,0,0,0,1,0,0,0,1,0,0,1,1,0,0,0,0,0,1,1,1,0,0,0,0,0,1,0,0,0,0,0,active,4
29,30,CHEMBL389501|actives_final|sdf|74,0,0,0,0,0,0,1,0,1,1,0,1,1,1,2,1,1,1,0,0,0,0,0,0,0,0,0,0,0,0,0,0,0,0,0,1,0,0,1,1,0,0,1,0,0,1,1,1,0,0,0,0,0,1,0,0,0,0,1,active,4
30,31,CHEMBL464799|actives_final|sdf|80,0,0,0,0,1,0,1,2,1,1,0,0,1,1,1,0,1,1,0,0,0,0,0,0,0,0,0,0,0,0,0,1,0,0,0,0,0,0,1,1,0,0,1,0,0,1,1,1,0,0,0,0,0,1,0,0,0,0,1,active,4
21,22,ZINC52212897|decoys_final|sdf|93,0,0,0,0,0,0,1,0,1,0,0,1,2,1,1,0,1,1,0,0,0,0,1,0,0,0,1,0,0,0,0,1,0,0,0,0,0,0,1,1,0,0,1,0,0,1,1,1,0,0,0,0,0,1,0,0,1,0,1,inactive,4
238,239,ZINC33610295|decoys_final|sdf|114,0,0,0,0,0,0,1,1,1,0,0,0,0,0,0,0,1,1,0,0,0,0,1,0,0,0,1,0,0,0,0,0,0,0,0,1,0,0,1,1,0,0,0,0,0,1,1,1,0,0,0,0,0,1,0,0,0,0,1,inactive,4
107,108,ZINC16681694|decoys_final|sdf|155,0,0,0,0,0,0,1,2,1,0,0,0,1,1,0,1,1,1,0,0,0,0,1,0,0,0,0,0,0,0,0,0,0,0,0,1,0,0,1,1,0,0,0,0,0,1,1,1,0,0,0,0,0,1,0,0,0,0,1,inactive,4
33,34,CHEMBL222368|actives_final|sdf|109,0,0,0,0,0,0,1,0,1,0,0,0,1,1,0,0,1,1,0,0,0,0,1,0,0,0,1,1,0,0,0,1,0,0,0,1,0,0,1,1,0,0,3,0,0,0,1,1,0,0,0,0,0,1,0,0,1,0,0,active,4
34,35,CHEMBL363555|actives_final|sdf|116,0,0,0,0,0,0,1,0,1,0,0,0,0,1,0,1,1,1,0,0,0,0,0,1,0,0,0,0,0,0,0,1,0,0,0,1,0,0,1,1,0,0,2,0,1,1,1,1,1,0,0,0,0,1,0,0,1,0,0,active,4
56,57,CHEMBL374335|actives_final|sdf|136,0,0,0,0,1,0,1,0,1,0,0,0,0,1,0,0,1,1,0,0,0,0,0,0,0,0,1,0,0,0,0,1,0,0,0,0,0,0,1,1,1,0,2,0,0,1,1,1,0,0,0,0,0,1,0,0,2,0,0,active,4
213,214,ZINC19478423|decoys_final|sdf|204,0,0,0,0,1,0,1,0,1,0,0,1,0,0,0,1,0,1,1,0,0,0,0,0,0,1,0,0,0,0,0,0,0,0,0,1,0,0,1,1,0,0,0,0,0,1,1,1,0,0,0,0,0,1,0,0,0,0,1,inactive,4
19,20,ZINC19731115|decoys_final|sdf|4,0,0,0,0,0,0,1,0,1,0,0,0,1,1,0,0,1,1,0,0,0,0,1,0,0,0,1,0,0,0,0,1,0,0,0,0,0,0,1,1,1,0,3,0,1,0,1,1,0,0,0,1,0,1,0,0,0,0,1,inactive,4
214,215,ZINC26516454|decoys_final|sdf|205,0,0,0,0,0,0,1,0,1,0,0,0,0,1,0,1,1,1,0,0,0,0,1,0,0,0,0,1,0,0,0,0,0,0,0,1,0,0,1,1,0,0,0,0,0,1,1,1,0,0,0,0,0,1,0,0,0,0,1,inactive,4
184,185,CHEMBL16541|actives_final|sdf|40,0,0,0,0,1,0,1,0,1,0,0,1,0,1,0,0,1,1,0,0,0,0,1,0,0,0,1,0,1,0,0,1,0,0,0,0,0,0,1,1,0,0,0,0,0,0,1,1,0,0,0,0,0,1,0,0,0,0,0,active,4
14,15,CHEMBL469350|actives_final|sdf|112,0,0,0,0,0,0,1,1,1,0,0,0,1,1,1,1,1,1,0,0,0,0,1,0,0,0,0,0,0,0,0,1,0,0,0,1,0,0,1,1,1,0,0,0,0,1,1,1,0,0,1,0,0,1,0,0,0,0,1,active,4
204,205,ZINC39053114|decoys_final|sdf|79,0,0,0,0,0,0,1,0,1,0,0,0,1,0,0,1,1,1,1,0,0,0,1,0,0,0,0,0,0,0,0,0,0,0,0,1,0,0,1,1,0,0,0,0,0,1,1,1,0,0,0,0,0,1,0,0,0,0,1,inactive,4
168,169,ZINC62668341|decoys_final|sdf|199,0,0,0,0,0,0,1,1,1,0,0,0,2,1,0,0,1,1,0,0,0,0,0,0,0,0,1,0,0,0,0,1,0,0,0,1,0,0,1,1,0,0,0,0,0,1,1,1,0,0,0,0,0,1,0,0,0,0,0,inactive,4
166,167,ZINC50424489|decoys_final|sdf|187,0,0,0,0,0,0,1,0,1,0,0,0,1,1,1,0,0,1,0,0,0,0,0,0,0,0,1,0,0,0,0,1,0,0,0,1,0,0,1,1,0,0,1,0,0,1,1,1,0,0,0,0,0,1,0,0,1,0,0,inactive,4
165,166,ZINC43667894|decoys_final|sdf|182,0,0,1,0,0,0,1,0,1,0,0,0,1,1,1,0,1,0,0,0,0,0,1,0,0,0,0,0,0,0,0,0,0,1,0,1,0,0,1,1,0,0,0,0,0,1,1,1,0,0,0,0,0,1,0,0,0,0,1,inactive,4
164,165,ZINC41048122|decoys_final|sdf|175,0,0,0,0,0,0,1,0,1,0,1,0,1,0,0,0,1,1,0,0,0,0,1,0,0,0,1,0,0,0,0,1,0,0,0,1,0,1,1,1,0,0,0,0,0,1,1,1,0,0,0,0,0,1,0,0,0,0,0,inactive,4
162,163,ZINC13822374|decoys_final|sdf|152,0,0,0,0,0,0,1,0,1,0,0,0,2,1,0,1,1,1,0,0,0,0,1,0,0,0,0,0,0,0,0,0,0,0,0,1,0,0,1,1,0,0,0,0,0,1,1,1,0,0,0,0,0,1,0,0,0,0,1,inactive,4
266,267,ZINC38040427|decoys_final|sdf|170,0,0,1,0,1,0,1,0,1,0,0,1,0,1,0,0,0,0,1,0,0,0,0,0,0,0,0,0,0,0,0,0,0,0,0,1,0,0,1,1,0,0,0,0,0,0,1,1,0,0,0,0,0,1,0,0,0,0,1,inactive,4
210,211,ZINC00081475|decoys_final|sdf|154,0,0,0,0,0,0,1,0,1,0,0,0,0,1,1,0,1,1,0,0,0,0,1,0,0,0,0,1,0,0,0,0,0,0,0,1,0,0,1,1,0,0,0,0,0,1,1,1,0,0,0,0,0,1,0,0,0,0,1,inactive,4
152,153,ZINC34939711|decoys_final|sdf|73,0,0,0,0,0,0,1,1,1,0,0,0,1,0,1,0,1,1,0,0,0,0,1,0,0,0,1,0,0,0,0,1,0,0,0,1,0,0,1,1,0,0,0,0,0,1,1,1,0,0,0,0,0,1,0,0,0,0,0,inactive,4
151,152,ZINC17173879|decoys_final|sdf|70,0,0,0,0,0,0,1,0,1,0,0,0,2,0,0,0,1,1,0,0,0,0,1,0,0,0,1,0,0,0,0,1,0,0,0,1,0,0,1,1,0,0,0,0,0,1,1,1,0,0,0,0,0,1,0,0,0,0,1,inactive,4
149,150,ZINC04992584|decoys_final|sdf|53,0,0,0,0,0,0,1,0,1,0,0,0,0,0,0,1,1,1,1,0,0,0,1,0,0,0,1,0,0,0,0,1,0,0,0,1,0,0,1,1,0,0,0,0,0,0,1,1,0,0,0,0,0,1,0,0,0,1,1,inactive,4
224,225,CHEMBL198810|actives_final|sdf|29,0,0,0,0,0,0,1,0,1,0,0,0,0,1,0,1,1,1,0,0,0,0,1,0,0,0,0,0,0,0,0,0,0,0,0,1,0,0,1,1,0,0,0,0,0,1,1,1,0,0,0,0,0,1,0,0,0,0,1,active,4
146,147,ZINC41289527|decoys_final|sdf|25,0,0,0,0,0,0,1,0,1,0,0,1,2,1,0,1,1,1,0,0,0,0,1,0,0,0,0,0,0,0,0,0,0,0,0,1,0,0,1,1,0,0,0,0,0,1,1,1,0,0,0,0,0,1,0,0,0,0,0,inactive,4
37,38,ZINC11823125|decoys_final|sdf|2,0,0,0,0,0,0,1,0,1,1,0,0,2,1,1,0,1,1,0,0,0,0,0,0,0,0,1,0,0,0,0,1,0,0,0,0,0,0,1,1,0,0,1,0,0,1,1,1,0,0,0,0,0,1,0,0,1,0,1,inactive,4
123,124,CHEMBL607571|actives_final|sdf|24,0,0,0,0,0,0,1,0,1,0,0,0,0,1,0,0,1,1,0,0,0,0,1,0,0,0,1,0,0,0,0,1,0,0,0,0,0,0,1,1,0,0,2,0,0,1,1,1,0,0,0,0,0,1,0,0,1,0,0,active,4
45,46,ZINC16921296|decoys_final|sdf|157,0,0,0,0,0,0,1,0,1,0,0,1,2,1,1,1,1,1,0,0,0,0,1,0,0,0,1,0,0,0,0,1,0,0,0,0,0,0,1,1,0,0,0,0,0,1,1,1,0,0,0,0,0,1,0,0,0,0,1,inactive,4
191,192,CHEMBL298006|actives_final|sdf|100,0,0,0,0,0,0,1,0,1,0,0,0,1,1,0,1,1,0,0,0,0,0,1,0,0,0,0,0,0,0,0,0,0,0,0,1,0,0,1,1,0,0,0,0,0,1,1,1,0,0,1,0,0,1,0,0,0,0,1,active,4
81,82,CHEMBL294811|actives_final|sdf|14,0,0,0,0,0,0,1,0,1,1,0,0,1,1,1,1,1,1,0,0,0,0,0,0,0,0,0,0,0,1,0,0,0,0,0,1,0,0,1,1,0,0,0,0,0,1,1,1,0,0,0,0,0,1,0,0,0,0,1,active,4
76,77,ZINC52982802|decoys_final|sdf|230,0,0,0,0,0,0,1,0,1,0,0,1,0,1,1,0,1,1,0,0,0,0,1,0,0,0,0,1,0,0,0,1,0,0,0,1,0,0,1,1,1,0,0,0,0,1,1,1,0,0,0,0,0,1,0,0,0,0,1,inactive,4
82,83,CHEMBL275970|actives_final|sdf|22,0,0,0,0,0,0,1,1,1,0,0,0,1,0,0,0,1,1,0,0,0,0,1,0,0,0,1,0,0,0,0,1,0,0,0,1,0,0,1,1,0,0,1,0,0,1,1,1,0,0,0,0,0,1,0,0,0,0,1,active,4
233,234,CHEMBL598393|actives_final|sdf|158,0,0,0,0,0,0,1,0,1,0,0,0,1,1,0,0,1,1,0,0,1,0,0,1,0,0,0,0,0,0,0,0,0,0,0,1,0,0,1,1,0,0,0,0,1,0,1,1,0,0,0,0,0,1,0,0,0,0,0,active,4
43,44,ZINC37910035|decoys_final|sdf|76,0,0,0,0,0,0,1,0,1,0,0,1,1,1,1,1,1,1,0,0,0,0,1,0,0,0,1,0,0,0,0,1,0,0,0,0,0,0,1,1,0,0,1,0,0,1,1,1,0,0,0,0,0,1,0,0,1,0,0,inactive,4
42,43,ZINC63071920|decoys_final|sdf|49,0,0,0,0,1,0,1,0,1,0,0,0,1,0,0,1,1,1,0,0,0,0,1,0,0,0,0,0,0,0,0,1,0,0,0,1,0,0,1,1,0,0,2,0,0,1,1,1,0,0,0,0,0,1,0,0,1,0,1,inactive,4
86,87,CHEMBL243733|actives_final|sdf|51,0,0,0,0,1,0,1,0,1,0,0,0,0,1,0,1,1,1,0,0,0,0,0,0,0,0,0,0,0,0,0,1,0,0,0,1,0,1,1,1,0,0,1,0,0,1,1,1,0,0,0,0,0,1,0,0,0,0,1,active,4
74,75,ZINC35754947|decoys_final|sdf|210,0,0,0,0,0,0,1,0,1,0,0,1,2,1,0,1,1,0,0,0,0,0,0,0,0,0,1,0,0,0,0,1,0,0,0,1,0,0,1,1,0,0,0,0,0,1,1,1,0,0,0,0,0,1,0,0,0,1,1,inactive,4
41,42,ZINC50325513|decoys_final|sdf|35,0,0,0,0,0,0,1,0,1,1,0,0,1,1,1,0,1,1,0,0,0,0,0,0,0,0,1,1,0,0,0,1,0,0,0,0,0,0,1,1,0,0,1,0,0,1,1,1,0,0,0,0,0,1,0,0,1,0,1,inactive,4
70,71,ZINC43541852|decoys_final|sdf|180,0,0,0,0,0,0,1,0,1,0,0,0,1,1,0,1,1,1,0,0,0,0,0,0,0,0,0,1,0,0,0,0,0,0,0,1,0,0,1,1,0,0,1,0,1,1,1,1,0,0,0,0,0,1,0,0,1,0,1,inactive,4
69,70,ZINC19091170|decoys_final|sdf|158,0,0,0,0,0,0,1,0,1,0,0,1,1,1,1,1,1,1,0,0,0,0,1,0,0,0,1,0,0,0,0,1,0,0,0,0,0,0,1,1,0,0,0,0,0,1,1,1,0,0,0,0,0,1,0,0,0,0,1,inactive,4
250,251,CHEMBL503807|actives_final|sdf|113,0,0,0,0,0,0,1,0,1,0,0,0,0,1,0,0,1,1,0,0,0,0,1,0,0,0,1,0,0,0,0,1,0,0,0,0,0,0,1,1,0,0,0,0,0,1,1,1,0,0,0,0,0,1,0,0,0,0,0,active,4
47,48,ZINC34974840|decoys_final|sdf|208,0,0,0,0,0,0,1,0,1,0,0,0,2,1,1,1,1,1,0,0,0,0,1,0,0,0,0,0,0,0,0,0,0,0,0,1,0,0,1,1,0,0,1,0,0,1,1,1,0,1,0,0,0,1,0,0,1,0,0,inactive,4
80,81,CHEMBL8145|actives_final|sdf|13,0,0,0,0,0,0,1,0,1,0,0,0,0,1,0,0,1,1,0,0,0,0,0,0,0,0,1,0,0,0,0,1,0,0,1,1,0,0,1,1,0,0,2,0,0,1,1,1,0,0,0,0,0,1,0,0,1,0,0,active,4
38,39,ZINC11886501|decoys_final|sdf|3,0,0,0,0,0,0,1,0,1,0,0,0,1,0,0,0,1,1,0,0,0,0,1,0,0,0,1,0,0,0,0,1,0,0,0,1,0,0,1,1,0,0,2,0,0,1,1,1,1,0,0,0,0,1,0,0,1,0,1,inactive,4
98,99,ZINC38073536|decoys_final|sdf|18,0,0,0,0,0,0,1,0,1,0,0,1,0,1,0,0,1,1,0,0,1,1,0,0,0,0,0,0,0,0,0,1,0,0,0,1,0,0,1,1,1,0,1,0,0,1,1,1,0,0,0,0,0,1,0,0,0,0,0,inactive,4
240,241,ZINC39111969|decoys_final|sdf|123,0,0,0,0,0,0,1,0,1,0,0,0,0,0,0,0,1,1,0,0,0,0,1,0,0,0,1,0,0,0,0,1,0,0,0,1,0,0,1,1,0,0,0,0,0,1,1,1,0,0,0,0,0,1,0,0,0,0,1,inactive,4
267,268,ZINC39056735|decoys_final|sdf|171,0,0,0,0,0,0,1,1,1,0,0,0,0,0,1,0,1,0,0,0,0,0,1,0,0,0,0,0,0,0,0,1,0,0,0,1,0,0,1,1,0,0,0,0,0,1,1,1,0,0,0,0,0,1,0,0,0,0,0,inactive,3
195,196,CHEMBL6857|actives_final|sdf|141,0,0,0,0,0,0,1,0,1,0,0,0,2,0,0,1,1,1,0,0,0,0,1,0,0,0,0,0,0,0,0,0,0,0,0,1,0,0,1,1,0,0,0,0,0,1,1,1,0,0,0,0,0,1,0,0,0,0,1,active,3
77,78,ZINC53818489|decoys_final|sdf|231,0,0,0,0,0,0,1,0,1,0,0,0,1,1,2,1,1,1,0,0,0,0,0,0,0,0,1,0,0,0,0,1,0,0,0,0,0,0,1,1,1,0,0,0,0,1,1,1,0,0,0,0,0,1,0,0,0,0,1,inactive,3
196,197,CHEMBL6857|actives_final|sdf|142,0,0,0,0,0,0,1,0,1,0,0,0,2,0,0,1,1,1,0,0,0,0,1,0,0,0,0,0,0,0,0,0,0,0,0,1,0,0,1,1,0,0,0,0,0,1,1,1,0,0,0,0,0,1,0,0,0,0,1,active,3
61,62,ZINC34940759|decoys_final|sdf|10,0,0,0,0,0,0,1,0,1,1,0,1,2,1,0,0,1,1,0,0,0,0,0,0,0,0,0,0,0,0,0,1,0,0,0,0,0,0,1,1,0,0,2,0,1,0,1,1,0,0,0,0,0,1,0,0,1,0,0,inactive,3
197,198,CHEMBL31059|actives_final|sdf|145,0,0,0,0,0,0,1,0,1,0,0,0,2,1,0,0,1,1,0,0,0,0,0,0,0,0,1,0,0,0,0,1,0,0,0,0,0,0,1,1,0,0,1,0,0,1,1,1,0,0,0,0,0,1,0,0,0,0,0,active,3
182,183,CHEMBL441306|actives_final|sdf|34,0,0,0,0,0,0,1,0,1,0,0,1,1,1,0,0,1,1,0,0,0,0,1,0,0,0,1,1,0,0,0,0,0,0,0,0,0,0,1,1,0,0,0,0,0,0,1,1,0,0,0,0,0,1,0,0,0,0,1,active,3
153,154,ZINC38433817|decoys_final|sdf|78,0,0,0,0,0,0,1,0,1,0,0,0,0,1,0,0,1,1,2,0,1,0,0,0,0,0,0,0,0,0,0,1,0,0,0,0,0,0,1,1,1,0,2,0,0,0,1,1,0,0,0,0,0,1,0,0,0,0,0,inactive,3
63,64,ZINC41656634|decoys_final|sdf|27,0,0,0,0,0,0,1,0,1,0,0,0,1,0,0,0,1,1,0,0,0,0,0,0,0,0,1,0,0,0,0,1,0,0,0,1,0,0,1,1,0,0,3,0,1,0,1,1,0,0,0,0,0,1,0,0,1,0,1,inactive,3
208,209,ZINC41051390|decoys_final|sdf|126,0,0,0,0,0,0,1,1,1,0,0,1,0,1,0,0,1,1,0,0,0,0,0,0,0,0,0,0,0,0,0,0,0,0,0,1,0,0,1,1,1,0,0,0,0,1,1,1,0,0,0,0,0,1,0,0,0,0,1,inactive,3
180,181,ZINC48686734|decoys_final|sdf|271,0,0,0,0,1,0,1,0,1,0,0,0,0,0,0,0,1,1,2,0,0,0,0,0,0,0,0,1,0,0,0,1,0,0,0,0,0,0,1,1,0,0,1,0,0,1,1,1,0,0,0,0,0,1,0,0,0,0,1,inactive,3
172,173,ZINC41233397|decoys_final|sdf|216,0,0,0,0,0,0,1,0,1,1,0,1,1,1,0,0,1,0,0,0,0,0,0,0,0,0,0,1,0,0,0,1,0,0,0,0,0,0,1,1,0,0,1,0,1,0,1,1,0,0,0,0,0,1,0,0,1,0,0,inactive,3
246,247,CHEMBL295093|actives_final|sdf|58,0,0,0,0,0,0,1,0,1,0,0,0,0,1,0,0,1,1,0,0,0,0,1,0,0,0,1,0,0,0,0,1,0,0,0,0,0,0,1,1,0,0,0,0,0,0,1,1,0,0,0,0,0,1,0,0,0,0,1,active,3
160,161,ZINC60714027|decoys_final|sdf|145,0,0,0,0,0,0,1,0,1,0,0,0,1,1,1,1,1,1,0,0,0,0,0,0,0,0,0,1,0,0,0,0,0,0,0,1,0,0,1,1,0,0,0,0,0,1,1,1,0,0,0,0,0,1,0,0,0,0,1,inactive,3
258,259,ZINC11757151|decoys_final|sdf|61,0,0,0,0,0,0,1,0,1,0,0,0,0,1,0,0,1,1,0,0,0,0,1,0,0,0,1,0,0,0,0,1,0,0,0,0,0,1,1,1,0,0,0,0,0,0,1,1,0,0,0,0,0,1,0,0,0,0,0,inactive,3
71,72,ZINC52755970|decoys_final|sdf|191,0,0,0,0,0,0,1,0,1,0,0,0,1,1,2,0,1,1,0,0,0,0,0,0,0,0,1,0,0,0,0,1,0,0,0,0,0,0,1,1,0,0,2,0,0,1,1,1,0,0,0,0,0,1,0,0,1,0,0,inactive,3
179,180,ZINC02708611|decoys_final|sdf|263,0,0,0,0,0,0,1,0,1,0,0,0,0,1,0,0,0,1,0,0,0,1,0,2,0,0,1,0,0,0,0,1,0,0,0,1,0,0,1,1,1,0,1,0,0,0,1,1,0,0,0,0,0,1,0,0,0,0,0,inactive,3
202,203,ZINC01848629|decoys_final|sdf|59,0,0,0,0,0,0,1,1,1,0,0,0,0,0,0,1,1,1,0,0,0,0,1,0,0,0,0,1,0,0,0,0,0,0,0,1,0,0,1,1,0,0,0,0,0,1,1,1,0,0,0,0,0,1,0,0,0,0,1,inactive,3
148,149,ZINC50909922|decoys_final|sdf|39,0,0,0,0,0,0,1,0,1,0,0,0,0,1,0,1,1,1,0,0,0,1,0,0,0,0,1,0,0,0,0,0,0,0,0,1,0,0,1,1,1,0,1,0,0,0,1,1,0,0,0,0,0,1,0,0,0,0,1,inactive,3
259,260,ZINC08614784|decoys_final|sdf|71,0,0,0,0,0,0,1,0,1,0,0,0,2,0,0,0,1,0,0,0,0,0,1,0,0,0,0,0,0,0,0,0,0,0,0,1,0,0,1,1,0,0,0,0,0,1,1,1,0,0,0,0,0,1,0,0,0,0,1,inactive,3
67,68,ZINC42397765|decoys_final|sdf|130,0,0,0,0,0,0,1,0,1,0,0,0,1,1,1,1,1,1,0,0,0,0,0,0,0,0,0,1,0,0,0,1,0,0,0,1,0,0,1,1,1,0,0,0,0,1,1,1,0,0,0,0,0,1,0,0,0,0,1,inactive,3
236,237,ZINC43665605|decoys_final|sdf|83,0,0,0,0,0,0,1,1,1,0,0,0,1,0,0,1,1,1,0,0,0,0,0,0,0,0,1,0,0,0,0,0,0,0,0,1,0,0,1,1,0,0,0,0,0,1,1,1,0,0,0,0,0,1,0,0,0,0,0,inactive,3
265,266,ZINC53753062|decoys_final|sdf|138,0,0,0,0,0,0,1,0,1,1,0,0,0,1,0,0,0,0,0,0,2,0,0,0,0,0,0,0,0,0,0,0,0,0,0,0,0,0,1,1,0,0,2,0,0,0,1,1,0,0,0,0,0,1,0,0,1,0,0,inactive,3
205,206,ZINC62520681|decoys_final|sdf|95,0,0,0,0,0,0,1,1,1,0,0,0,0,0,0,1,1,1,0,0,0,0,1,0,0,0,1,0,0,0,0,1,0,0,0,0,0,0,1,1,0,0,0,0,0,1,1,1,0,0,0,0,0,1,0,0,0,0,1,inactive,3
72,73,ZINC30750766|decoys_final|sdf|200,0,0,0,0,0,0,1,0,1,0,0,1,1,1,0,0,1,1,1,0,0,0,0,0,0,0,0,0,0,0,0,1,0,0,0,0,0,0,1,1,1,0,1,0,0,1,1,1,1,0,0,0,0,1,0,0,0,0,1,inactive,3
192,193,CHEMBL39537|actives_final|sdf|106,0,0,0,0,0,0,1,1,1,0,0,0,0,0,0,1,1,1,0,0,0,0,0,0,0,0,1,0,0,0,0,1,0,0,0,1,0,0,1,1,0,0,0,0,0,1,1,1,0,0,0,0,0,1,0,0,0,0,1,active,3
120,121,ZINC07687518|decoys_final|sdf|255,0,0,0,0,0,0,1,0,1,0,0,1,1,1,0,0,0,1,0,0,1,1,0,2,0,0,0,0,0,0,0,0,0,0,0,0,0,0,1,1,0,0,1,0,0,1,1,1,1,0,0,0,0,1,0,0,0,0,0,inactive,3
106,107,ZINC62992019|decoys_final|sdf|149,0,0,0,0,0,0,1,1,1,0,0,1,1,1,0,1,1,1,0,0,0,0,0,0,0,0,0,0,0,0,0,0,0,0,0,1,0,0,1,1,0,0,0,0,0,1,1,1,0,0,0,0,0,1,0,0,0,1,1,inactive,3
115,116,ZINC55227852|decoys_final|sdf|234,0,0,0,0,0,0,1,0,1,1,0,1,1,1,0,0,0,1,0,0,0,0,0,0,0,0,0,0,0,0,0,1,0,0,0,0,0,0,1,1,0,0,3,0,1,0,1,1,0,0,0,0,0,1,0,0,1,0,0,inactive,3
113,114,ZINC36889535|decoys_final|sdf|211,0,0,0,0,0,0,1,0,1,0,0,1,2,1,1,1,1,1,0,0,0,0,0,0,0,0,0,0,0,0,0,0,0,0,0,1,0,0,1,1,0,0,0,0,0,1,1,1,0,0,0,0,0,1,0,0,0,0,1,inactive,3
118,119,ZINC62619494|decoys_final|sdf|245,0,0,0,0,0,0,1,0,1,0,0,0,2,1,0,0,1,1,0,0,0,0,0,0,0,0,1,0,0,0,0,1,0,0,0,0,0,0,1,1,0,0,1,0,0,1,1,1,0,0,0,0,0,1,0,0,1,0,1,inactive,3
119,120,ZINC62835788|decoys_final|sdf|248,0,0,0,0,0,0,1,0,1,0,0,0,2,1,1,1,1,1,0,0,0,0,0,0,0,0,0,0,0,0,0,0,0,0,0,1,0,0,1,1,0,0,1,0,0,1,1,1,0,0,0,0,0,1,0,0,0,0,1,inactive,3
35,36,CHEMBL450824|actives_final|sdf|129,0,0,0,0,0,0,1,0,1,1,0,0,1,0,0,1,1,1,0,0,0,0,0,0,0,0,0,0,0,0,0,1,0,0,0,1,0,0,1,1,0,0,2,0,0,1,1,1,1,0,0,0,0,1,0,0,1,0,1,active,3
255,256,ZINC00713272|decoys_final|sdf|54,0,0,0,0,0,0,1,1,1,0,0,0,0,0,0,0,1,1,0,0,0,0,1,0,0,0,1,0,0,0,0,0,0,0,0,0,0,0,1,1,0,0,0,0,0,1,1,1,0,0,0,0,0,1,0,0,0,0,1,inactive,3
39,40,ZINC34940037|decoys_final|sdf|9,0,0,0,0,0,0,1,0,1,0,0,0,1,1,1,0,1,1,0,0,0,0,0,0,0,0,1,1,0,0,0,1,0,0,0,0,0,0,1,1,0,0,1,0,0,1,1,1,0,0,0,0,0,1,0,0,1,1,1,inactive,3
126,127,CHEMBL10316|actives_final|sdf|45,0,0,0,0,1,0,1,0,1,0,0,0,2,0,0,0,1,1,0,0,0,0,0,0,0,0,1,0,0,0,0,1,0,0,0,0,0,0,1,1,0,0,1,0,0,1,1,1,0,0,0,0,0,1,0,0,1,0,0,active,3
40,41,ZINC35381402|decoys_final|sdf|12,0,0,0,0,0,0,1,0,1,1,0,1,1,1,1,0,1,1,0,0,0,0,0,0,0,0,1,0,0,0,0,1,0,0,0,0,0,0,1,1,0,0,3,0,0,0,1,1,0,0,0,0,0,1,0,0,1,0,0,inactive,3
230,231,CHEMBL66979|actives_final|sdf|114,0,0,0,0,0,0,1,0,1,0,0,0,0,1,0,1,1,1,0,0,0,0,0,0,0,0,1,0,0,0,0,1,0,0,0,0,0,0,1,1,0,0,0,0,0,1,1,1,0,0,0,0,0,1,0,0,0,0,1,active,3
275,276,CHEMBL522271|actives_final|sdf|5,0,0,0,0,0,0,1,0,1,0,0,0,0,1,0,0,1,0,1,0,0,0,0,0,0,0,0,0,0,0,0,1,0,0,0,0,0,0,1,1,0,0,0,0,1,0,1,1,0,0,0,0,0,1,0,0,0,0,0,active,3
131,132,CHEMBL14210|actives_final|sdf|70,0,0,0,0,1,0,1,1,1,0,0,0,1,0,0,0,1,1,0,0,0,0,0,0,0,0,1,0,0,0,0,1,0,0,0,0,0,0,1,1,0,0,1,0,0,1,1,1,0,0,0,0,0,1,0,0,1,0,0,active,3
101,102,ZINC22177562|decoys_final|sdf|66,0,0,0,0,0,0,1,0,1,0,0,1,0,1,0,0,1,1,0,0,0,0,0,0,0,0,1,0,0,0,0,1,0,0,0,0,0,0,1,1,0,0,3,0,0,1,1,1,0,0,0,0,0,1,0,0,1,0,0,inactive,3
132,133,CHEMBL54762|actives_final|sdf|82,0,0,0,0,0,0,1,0,1,0,0,0,1,1,0,0,1,1,0,0,1,0,0,0,0,0,0,0,0,0,0,1,0,0,0,1,0,0,1,1,0,0,2,0,0,0,1,1,0,0,0,0,0,1,0,0,0,0,1,active,3
135,136,CHEMBL274029|actives_final|sdf|123,0,0,0,0,0,0,1,0,1,0,0,0,1,0,1,0,1,1,0,0,0,0,1,0,0,0,1,0,0,0,0,1,0,0,0,1,0,0,1,1,0,0,1,0,0,0,1,1,0,0,0,0,0,1,0,0,0,0,1,active,3
87,88,CHEMBL17079|actives_final|sdf|66,0,1,0,0,0,0,1,0,1,0,0,0,0,1,0,1,1,1,0,0,0,0,0,0,0,0,0,0,0,0,0,1,0,0,0,1,0,0,1,1,0,0,2,0,0,1,1,1,0,0,0,0,0,1,0,0,1,0,0,active,3
140,141,CHEMBL130217|actives_final|sdf|143,0,0,0,0,0,0,1,0,1,0,0,0,2,0,0,0,1,1,0,0,0,0,1,0,0,0,1,0,0,0,0,0,0,0,0,1,0,0,1,1,0,0,1,0,0,0,1,1,0,0,0,0,0,1,0,0,1,0,1,active,3
142,143,CHEMBL258420|actives_final|sdf|157,0,0,0,0,0,0,1,0,1,0,0,0,0,1,0,1,1,1,0,0,0,0,0,0,0,0,0,0,0,0,0,1,0,0,0,1,0,1,1,1,1,0,0,0,0,1,1,1,0,0,0,0,0,1,0,0,0,0,1,active,3
20,21,ZINC41181530|decoys_final|sdf|22,0,0,0,0,0,0,1,0,1,1,0,0,2,1,1,0,1,1,0,0,0,0,0,0,0,0,0,0,0,0,0,0,0,0,0,0,0,0,1,1,1,0,2,0,1,0,1,1,0,0,0,0,0,1,0,0,2,0,1,inactive,3
96,97,ZINC20556176|decoys_final|sdf|7,0,0,0,0,0,0,1,1,1,0,0,1,0,1,0,1,1,1,0,0,0,0,1,0,0,0,1,0,0,0,0,1,0,0,0,0,0,0,1,1,1,0,0,0,0,0,1,1,0,0,0,0,0,1,0,0,0,0,1,inactive,3
199,200,ZINC55144147|decoys_final|sdf|41,0,0,0,0,0,0,1,0,1,0,0,0,2,1,0,0,1,1,0,0,0,0,0,0,0,0,1,0,0,0,0,0,0,0,0,0,0,0,1,1,1,0,1,0,0,0,1,1,1,0,0,0,0,1,0,0,0,0,0,inactive,2
223,224,CHEMBL607864|actives_final|sdf|28,0,0,1,0,0,0,1,1,1,0,0,0,1,1,0,0,0,0,0,0,1,0,0,0,0,0,0,0,0,0,0,0,0,0,0,0,0,0,1,1,0,0,2,0,0,0,1,1,0,0,0,0,0,1,0,0,1,0,0,active,2
194,195,CHEMBL269538|actives_final|sdf|140,0,0,0,0,0,0,1,0,1,0,0,0,1,0,0,0,1,1,0,0,0,0,1,0,0,0,1,0,0,0,0,1,0,0,0,0,0,0,1,1,0,0,2,0,0,0,1,1,0,0,0,0,0,1,0,0,0,0,1,active,2
193,194,CHEMBL17078|actives_final|sdf|125,0,0,0,0,0,0,1,0,1,0,0,0,1,1,0,1,1,1,0,0,0,0,0,0,0,0,0,0,0,0,0,1,0,0,0,1,0,0,1,1,0,0,1,0,0,0,1,1,0,0,0,0,0,1,0,0,0,0,1,active,2
222,223,CHEMBL404505|actives_final|sdf|16,0,0,0,0,0,0,1,0,1,0,0,0,2,0,0,0,1,1,0,0,0,0,0,0,0,0,1,0,0,0,0,1,0,0,0,1,0,0,1,1,0,0,1,0,0,0,1,1,0,0,0,0,0,1,0,0,0,0,0,active,2
251,252,CHEMBL598393|actives_final|sdf|159,0,0,0,0,1,0,1,0,1,0,0,0,0,1,0,0,1,1,0,0,0,0,0,0,0,0,0,0,0,1,0,1,0,0,1,0,0,0,1,1,0,0,0,0,0,0,1,1,0,0,0,0,0,1,0,0,0,0,0,active,2
239,240,ZINC37743360|decoys_final|sdf|118,0,0,0,0,0,0,1,0,1,0,0,1,0,1,0,0,1,1,1,0,0,0,0,0,0,0,0,0,0,0,0,1,0,0,0,0,0,0,1,1,1,0,1,0,0,0,1,1,0,0,0,0,0,1,0,0,0,0,0,inactive,2
242,243,ZINC41051392|decoys_final|sdf|127,0,0,0,0,0,0,1,0,1,1,0,0,1,1,0,0,1,1,0,0,0,0,0,0,0,0,0,0,0,0,0,1,0,0,0,0,0,0,1,1,0,0,2,0,0,0,1,1,0,0,0,0,0,1,0,0,0,0,0,inactive,2
200,201,ZINC50868407|decoys_final|sdf|44,0,0,0,0,0,0,1,0,1,0,0,0,0,0,0,0,1,1,0,0,0,0,1,0,0,0,1,0,0,1,0,1,0,0,1,0,0,0,1,1,0,0,0,1,0,0,1,1,0,0,0,0,0,1,0,0,0,0,1,inactive,2
260,261,ZINC36286054|decoys_final|sdf|74,0,0,0,0,0,0,1,1,1,0,0,0,1,0,1,1,0,1,0,0,0,0,0,0,0,0,0,0,0,0,0,0,0,0,0,1,0,0,1,1,0,0,0,0,0,1,1,1,0,0,0,0,0,1,0,0,0,0,0,inactive,2
221,222,ZINC07418536|decoys_final|sdf|254,0,0,0,0,0,0,1,0,1,1,0,0,1,1,1,0,1,1,0,0,0,0,0,0,0,0,0,0,0,1,0,1,0,0,1,0,0,0,1,1,0,0,0,0,0,0,1,1,0,0,0,0,0,1,0,0,0,0,0,inactive,2
254,255,ZINC02243130|decoys_final|sdf|52,0,0,0,0,0,0,1,0,1,0,0,0,2,0,0,0,0,1,0,0,0,0,0,0,0,0,1,0,0,0,0,1,0,0,0,0,0,0,1,1,0,0,0,0,0,1,1,1,0,0,0,0,0,1,0,0,0,0,1,inactive,2
225,226,CHEMBL269073|actives_final|sdf|36,0,0,0,0,1,0,1,0,1,0,0,0,1,0,0,0,1,0,0,0,0,0,0,0,0,0,1,0,0,0,0,1,0,0,1,0,0,0,1,1,0,0,1,0,0,0,1,1,0,0,0,0,0,1,0,0,1,0,0,active,2
219,220,ZINC62773170|decoys_final|sdf|247,0,0,0,0,0,0,1,0,1,0,0,1,2,1,1,0,1,1,0,0,0,0,0,0,0,0,1,0,0,0,0,1,0,0,0,0,0,0,1,1,0,0,0,0,0,0,1,1,0,0,0,0,0,1,0,0,0,0,0,inactive,2
206,207,ZINC65356815|decoys_final|sdf|100,0,0,0,0,0,0,1,1,1,0,0,0,1,0,0,1,1,1,0,0,0,0,0,0,0,0,1,0,0,0,0,1,0,0,0,0,0,0,1,1,0,0,0,0,0,1,1,1,0,0,0,0,0,1,0,0,0,0,1,inactive,2
217,218,ZINC43125857|decoys_final|sdf|220,0,0,0,0,0,0,1,0,1,0,0,0,1,1,0,0,1,1,0,0,0,0,0,0,0,0,0,1,0,0,0,0,0,0,0,0,0,0,1,1,0,0,1,0,0,1,1,1,0,0,0,0,0,1,0,0,1,0,1,inactive,2
231,232,CHEMBL79928|actives_final|sdf|128,0,0,0,0,0,0,1,0,1,0,0,0,1,1,0,0,1,1,0,0,0,0,0,1,0,0,1,0,0,0,0,1,0,0,0,0,0,0,1,1,0,0,1,0,0,0,1,1,0,0,0,0,0,1,0,0,0,0,0,active,2
235,236,ZINC12336608|decoys_final|sdf|62,0,0,0,0,0,0,1,0,1,1,0,0,1,0,0,0,0,0,0,0,0,0,0,0,0,0,0,0,0,0,0,0,0,0,0,0,0,0,1,1,0,0,3,0,1,0,1,1,0,0,0,0,0,1,0,0,2,0,0,inactive,2
232,233,CHEMBL57286|actives_final|sdf|152,0,0,0,0,0,0,1,0,1,0,0,0,1,1,1,0,0,1,0,0,0,0,0,0,0,0,0,0,0,0,0,0,0,0,0,0,0,0,1,1,0,0,2,0,1,0,1,1,0,0,0,0,0,1,0,0,1,0,0,active,2
209,210,ZINC62990303|decoys_final|sdf|148,0,0,0,0,0,0,1,0,1,1,0,0,1,0,0,0,1,0,0,0,0,0,0,0,0,0,0,0,0,0,0,0,0,0,0,0,0,0,1,1,0,0,3,0,1,0,1,1,0,0,0,0,0,1,0,0,2,0,0,inactive,2
212,213,ZINC54497164|decoys_final|sdf|194,0,0,0,0,0,0,1,0,1,0,0,0,2,0,1,1,1,1,0,0,0,0,0,0,0,0,0,0,0,0,0,0,0,0,0,1,0,0,1,1,0,0,0,0,0,1,1,1,0,0,0,0,0,1,0,0,0,0,1,inactive,2
253,254,ZINC42443293|decoys_final|sdf|28,0,0,1,0,0,0,1,0,1,0,0,1,0,1,0,0,1,1,0,0,0,0,0,0,0,0,0,0,0,0,0,0,0,1,0,0,0,0,1,1,0,0,0,0,0,1,1,1,0,0,0,0,0,1,0,0,0,0,0,inactive,2
122,123,CHEMBL14640|actives_final|sdf|23,0,0,0,0,0,0,1,0,1,0,0,0,2,0,0,1,1,1,0,0,0,0,0,0,0,0,0,0,0,0,0,0,0,0,0,1,0,0,1,1,0,0,1,0,0,1,1,1,0,0,0,0,0,1,0,0,1,0,1,active,2
190,191,CHEMBL552680|actives_final|sdf|93,0,0,0,0,0,0,1,0,1,0,0,0,2,1,0,0,1,1,0,0,0,0,0,0,0,0,0,0,0,0,0,1,0,0,0,0,0,0,1,1,0,0,1,0,0,1,1,1,0,0,0,0,0,1,0,0,0,0,1,active,2
129,130,CHEMBL295093|actives_final|sdf|59,0,0,0,1,0,0,1,0,1,0,0,0,2,1,0,0,1,1,0,0,0,0,0,0,0,0,1,0,0,0,0,1,0,0,0,0,0,0,1,1,1,0,0,0,0,0,1,1,0,0,0,0,0,1,0,0,0,0,1,active,2
117,118,ZINC62609713|decoys_final|sdf|244,0,0,0,0,0,0,1,0,1,0,0,0,1,0,2,0,1,1,0,0,0,0,0,0,0,0,1,0,0,0,0,1,0,0,0,0,0,0,1,1,1,0,1,0,0,1,1,1,0,0,0,0,0,1,0,0,0,0,1,inactive,2
116,117,ZINC61330037|decoys_final|sdf|241,0,0,0,0,0,0,1,0,1,0,0,0,1,0,0,1,1,1,0,0,0,0,0,0,0,0,1,0,0,0,0,1,0,0,0,0,0,0,1,1,0,0,2,0,0,1,1,1,0,0,0,0,0,1,0,0,1,0,1,inactive,2
110,111,ZINC38040351|decoys_final|sdf|169,0,0,0,0,0,0,1,0,1,0,0,0,1,1,0,0,1,1,0,0,0,0,0,0,0,0,0,0,0,0,0,1,0,0,0,0,0,0,1,1,0,0,3,0,0,1,1,1,0,0,0,0,0,1,0,0,1,0,1,inactive,2
109,110,ZINC37687802|decoys_final|sdf|167,0,0,0,0,0,0,1,0,1,0,0,0,2,1,0,0,1,1,0,0,0,0,0,0,0,1,1,0,0,0,0,1,0,0,0,0,0,0,1,1,0,0,3,0,0,0,1,1,0,0,0,0,0,1,0,0,0,0,0,inactive,2
104,105,ZINC43735512|decoys_final|sdf|131,0,0,0,0,0,0,1,0,1,0,0,1,0,1,0,0,1,1,0,0,1,0,0,0,0,0,0,0,0,0,0,1,0,0,0,0,0,0,1,1,1,0,2,0,0,0,1,1,1,0,0,0,0,1,0,0,1,0,0,inactive,2
103,104,ZINC38121142|decoys_final|sdf|121,0,0,0,0,0,0,1,1,1,0,0,1,1,1,0,0,1,1,0,0,0,0,0,0,0,0,0,0,0,0,0,0,0,0,0,0,0,0,1,1,0,0,2,0,1,0,1,1,2,0,0,0,0,1,0,0,0,0,0,inactive,2
102,103,ZINC62524671|decoys_final|sdf|96,0,0,0,0,0,0,1,0,1,0,0,1,1,0,2,1,1,1,0,0,0,0,0,0,0,0,1,0,0,0,0,1,0,0,0,0,0,0,1,1,0,0,0,0,0,1,1,1,0,0,0,0,0,1,0,0,0,0,1,inactive,2
100,101,ZINC43611296|decoys_final|sdf|30,0,0,0,0,0,0,1,0,1,1,0,1,1,1,1,0,1,1,0,0,0,0,0,0,0,0,0,0,0,0,0,1,0,0,0,0,0,0,1,1,0,0,2,0,0,0,1,1,0,0,0,0,0,1,0,0,1,0,0,inactive,2
97,98,ZINC35382595|decoys_final|sdf|14,0,0,0,0,0,0,1,0,1,1,0,0,2,1,1,0,1,1,0,0,0,0,0,1,0,0,0,0,0,0,0,1,0,0,0,0,0,0,1,1,0,0,1,0,0,0,1,1,0,0,0,0,0,1,0,0,1,0,0,inactive,2
93,94,CHEMBL389728|actives_final|sdf|118,0,0,0,1,2,0,1,0,1,0,0,0,0,1,0,0,1,1,0,0,0,1,0,0,0,0,0,0,0,0,0,0,0,0,0,0,0,0,1,1,1,0,1,0,0,0,1,1,1,0,0,0,0,1,0,0,0,0,1,active,2
276,277,ZINC00225043|decoys_final|sdf|77,0,0,0,0,0,0,1,0,1,0,0,0,0,0,0,0,1,1,0,0,0,0,1,0,0,0,0,0,0,0,0,1,0,0,0,1,0,0,1,1,0,0,0,0,0,0,1,1,0,0,0,0,0,1,0,0,0,0,0,inactive,2
90,91,CHEMBL470226|actives_final|sdf|83,0,0,0,0,0,0,1,1,1,1,0,0,1,0,0,0,1,1,0,0,0,0,0,0,0,0,0,0,0,0,0,1,0,0,0,0,0,0,1,1,0,0,2,0,1,0,1,1,0,0,0,0,0,1,0,0,1,0,1,active,2
278,279,ZINC43542940|decoys_final|sdf|181,0,0,0,0,0,0,1,1,1,0,0,0,0,1,1,0,0,1,0,0,0,0,0,0,0,0,0,0,0,0,0,0,0,0,0,0,0,0,1,1,0,0,0,0,0,1,1,1,0,0,0,0,0,1,0,0,0,0,0,inactive,2
75,76,ZINC44399298|decoys_final|sdf|223,0,0,0,0,0,0,1,0,1,0,0,0,2,1,1,0,1,1,0,0,0,0,0,0,0,1,1,0,0,0,0,1,0,0,0,0,0,0,1,1,0,0,1,0,0,0,1,1,0,1,0,0,0,1,0,0,1,0,0,inactive,2
73,74,ZINC33426958|decoys_final|sdf|206,0,0,0,0,0,0,1,0,1,0,0,1,2,1,1,0,1,1,0,0,0,0,0,0,0,0,0,0,0,0,0,1,0,0,0,1,0,0,1,1,0,0,2,0,0,0,1,1,0,0,0,0,0,1,0,0,0,0,1,inactive,2
66,67,ZINC22223249|decoys_final|sdf|109,0,0,0,0,0,0,1,0,1,0,0,0,1,0,1,1,1,1,0,0,0,0,0,0,0,0,0,1,0,0,0,1,0,0,0,1,0,0,1,1,0,0,1,0,0,1,1,1,0,0,0,0,0,1,0,0,0,1,1,inactive,2
57,58,CHEMBL472080|actives_final|sdf|137,0,0,0,0,0,0,1,1,1,0,0,0,1,1,0,0,1,1,0,0,0,0,0,0,0,0,0,0,0,0,0,1,0,0,0,0,0,0,1,1,0,0,2,0,1,0,1,1,0,0,0,0,0,1,0,0,2,0,1,active,2
55,56,CHEMBL596453|actives_final|sdf|85,0,0,0,0,0,0,1,0,1,1,0,1,2,1,1,0,0,1,0,0,0,0,0,0,0,0,0,0,0,0,0,0,0,0,0,0,0,0,1,1,0,0,2,0,0,0,1,1,1,0,0,0,0,1,0,0,2,0,0,active,2
49,50,ZINC38519655|decoys_final|sdf|267,0,0,0,0,0,0,1,0,1,0,0,1,1,1,1,1,1,1,0,0,0,0,0,0,0,0,0,0,0,1,0,1,0,0,1,0,0,0,1,1,0,0,0,0,0,1,1,1,0,0,0,0,0,1,0,0,0,1,1,inactive,2
48,49,ZINC61122761|decoys_final|sdf|240,0,0,0,0,0,0,1,0,1,0,0,0,1,0,0,0,1,1,0,0,0,0,0,0,0,1,1,0,0,0,0,1,0,0,0,0,0,0,1,1,1,0,3,0,0,1,1,1,0,0,0,0,0,1,0,0,1,0,1,inactive,2
46,47,ZINC45365619|decoys_final|sdf|185,0,0,0,0,0,0,1,0,1,0,0,0,2,0,1,1,1,1,0,0,0,0,0,0,0,0,0,0,0,0,0,1,0,0,0,0,0,0,1,1,0,0,2,0,1,1,1,1,0,0,0,0,0,1,0,0,1,0,1,inactive,2
121,122,ZINC41572660|decoys_final|sdf|269,0,0,0,0,0,0,1,1,1,0,0,0,1,0,0,0,1,1,0,0,0,0,0,1,0,0,1,0,0,0,0,1,0,0,0,0,0,0,1,1,0,0,2,0,0,1,1,1,0,0,0,0,0,1,0,0,1,0,0,inactive,2
244,245,ZINC34978434|decoys_final|sdf|165,0,0,0,0,0,0,1,0,1,0,0,0,0,1,0,0,1,1,0,0,0,0,0,0,0,0,1,0,0,0,0,1,0,0,0,0,0,0,1,1,0,0,2,0,0,0,1,1,0,0,0,0,0,1,0,0,0,0,1,inactive,2
133,134,CHEMBL18101|actives_final|sdf|84,0,0,0,0,0,0,1,0,1,0,0,0,1,1,0,0,1,1,0,0,0,0,0,1,0,0,0,0,0,0,0,1,0,0,0,0,0,1,1,1,0,0,2,0,1,0,1,1,0,0,0,0,0,1,0,0,0,0,0,active,2
170,171,ZINC11601799|decoys_final|sdf|203,0,0,0,0,0,0,1,0,1,0,0,0,1,1,0,0,1,1,0,0,0,0,0,0,0,0,1,1,0,0,0,1,0,0,0,0,0,0,1,1,0,0,2,0,0,0,1,1,0,0,0,0,0,1,0,0,1,0,0,inactive,2
187,188,CHEMBL487235|actives_final|sdf|63,0,0,0,0,0,0,1,0,1,0,0,0,0,0,1,0,1,1,0,0,0,0,0,0,1,0,1,0,0,0,0,1,0,0,0,0,0,0,1,1,0,0,1,0,0,1,1,1,0,0,0,0,0,1,0,0,1,0,0,active,2
186,187,CHEMBL161907|actives_final|sdf|47,0,0,0,0,0,0,1,0,1,0,0,0,0,1,0,0,1,1,0,0,0,0,0,0,1,0,1,0,0,1,0,1,0,0,0,0,1,0,1,1,0,0,0,0,0,0,1,1,0,0,0,0,0,1,0,0,0,0,1,active,2
185,186,CHEMBL10316|actives_final|sdf|46,0,0,0,0,1,0,1,1,1,0,0,0,1,0,0,0,1,1,0,0,0,0,0,0,0,0,0,0,0,0,0,0,0,0,0,0,0,0,1,1,0,0,1,0,0,1,1,1,0,0,0,0,0,1,0,0,1,0,1,active,2
183,184,CHEMBL269073|actives_final|sdf|35,0,0,0,0,1,0,1,0,1,0,0,0,1,0,0,0,1,1,0,0,0,0,0,0,0,0,1,0,0,0,0,1,0,0,1,0,0,0,1,1,0,0,1,0,0,0,1,1,0,0,0,0,0,1,0,0,0,0,1,active,2
262,263,ZINC13476782|decoys_final|sdf|111,0,0,0,0,0,0,1,0,1,0,0,0,2,0,0,0,1,1,0,0,0,0,0,0,0,0,1,0,0,0,0,1,0,0,0,0,0,0,1,1,0,0,0,0,0,1,1,1,0,0,0,0,0,1,0,0,0,0,0,inactive,2
177,178,ZINC40236163|decoys_final|sdf|236,0,0,0,0,0,0,1,0,1,0,0,1,2,1,0,0,1,0,0,0,0,0,0,0,0,0,0,0,0,0,0,1,0,0,0,0,0,0,1,1,0,0,2,0,1,0,1,1,0,0,0,0,0,1,0,0,1,0,0,inactive,2
263,264,ZINC36437674|decoys_final|sdf|115,0,0,0,0,0,0,1,0,1,0,0,0,1,1,0,1,1,0,0,0,0,0,0,0,0,0,0,0,0,0,0,1,0,0,0,0,0,0,1,1,0,0,0,0,0,1,1,1,0,0,0,0,0,1,0,0,0,0,1,inactive,2
175,176,ZINC43126118|decoys_final|sdf|221,0,0,0,0,0,0,1,0,1,0,0,0,1,0,1,1,1,1,0,0,0,0,0,0,0,0,1,1,0,0,0,1,0,0,0,0,0,0,1,1,0,0,0,0,0,1,1,1,0,0,0,0,0,1,0,0,0,0,1,inactive,2
174,175,ZINC43125856|decoys_final|sdf|219,0,0,0,0,0,0,1,0,1,0,0,0,1,1,1,1,1,1,0,0,0,0,0,0,0,0,0,1,0,0,0,0,0,0,0,1,0,0,1,1,0,0,1,0,0,0,1,1,0,0,0,0,0,1,0,0,0,0,1,inactive,2
171,172,ZINC36960427|decoys_final|sdf|212,0,0,0,0,0,0,1,0,1,1,0,0,1,1,1,0,1,1,0,0,0,0,0,0,0,0,0,1,0,0,0,1,0,0,0,0,0,0,1,1,0,0,1,0,0,0,1,1,0,0,0,0,0,1,0,0,1,0,0,inactive,2
163,164,ZINC37689736|decoys_final|sdf|168,0,0,0,0,0,0,1,0,1,0,0,0,2,1,0,0,1,1,0,0,0,0,0,0,0,0,0,1,0,0,0,1,0,0,0,0,0,0,1,1,0,0,1,0,1,0,1,1,0,0,0,0,0,1,0,0,0,0,1,inactive,2
161,162,ZINC63077187|decoys_final|sdf|150,0,0,0,0,1,0,1,1,1,0,0,1,0,1,0,0,1,1,0,0,0,0,0,0,0,0,0,0,0,0,0,1,0,0,0,0,0,0,1,1,0,0,1,0,0,0,1,1,0,0,0,0,0,1,0,0,1,0,1,inactive,2
270,271,ZINC35753760|decoys_final|sdf|15,0,0,1,0,0,0,1,0,1,0,0,0,0,0,0,1,1,0,0,0,0,0,0,0,0,0,0,0,0,0,0,0,0,0,0,1,0,0,1,1,0,0,0,0,0,1,1,1,0,0,0,0,0,1,0,0,0,0,1,inactive,2
273,274,ZINC62498575|decoys_final|sdf|94,0,0,0,0,0,0,1,1,1,0,0,0,0,0,0,0,0,1,0,0,0,0,0,0,0,1,1,0,0,0,0,1,0,0,0,0,0,0,1,1,0,0,0,0,0,1,1,1,0,0,0,0,0,1,0,0,0,0,0,inactive,2
154,155,ZINC39113900|decoys_final|sdf|80,0,0,0,0,0,0,1,0,1,0,0,0,1,0,2,0,1,1,0,0,0,0,1,0,0,0,0,0,0,0,0,1,0,0,0,0,0,0,1,1,0,0,1,0,0,1,1,1,0,0,0,0,0,1,0,0,0,0,1,inactive,2
274,275,ZINC43096401|decoys_final|sdf|218,0,0,0,0,0,0,1,0,1,0,0,0,1,0,0,0,0,1,0,0,0,0,0,0,0,0,1,1,0,0,0,1,0,0,0,1,0,0,1,1,0,0,0,0,0,0,1,1,0,0,0,0,0,1,0,0,0,0,0,inactive,2
147,148,ZINC49576460|decoys_final|sdf|31,0,0,0,0,0,0,1,0,1,1,0,0,1,1,1,0,1,0,0,0,0,0,0,0,0,0,0,0,0,0,0,1,0,0,0,0,0,0,1,1,0,0,3,0,0,0,1,1,0,0,0,0,0,1,0,0,1,0,0,inactive,2
145,146,ZINC35382562|decoys_final|sdf|13,0,0,0,0,0,0,1,0,1,1,0,0,2,1,1,0,1,1,0,0,0,0,0,1,0,0,0,0,0,0,0,0,0,0,0,0,0,0,1,1,0,0,1,0,0,0,1,1,0,0,0,0,0,1,0,0,1,0,0,inactive,2
261,262,ZINC49582011|decoys_final|sdf|88,0,0,0,0,0,0,1,1,1,0,0,0,1,0,0,0,1,1,0,0,0,0,0,0,0,0,1,0,0,1,0,1,0,0,0,0,0,0,1,1,0,0,0,0,0,0,1,1,0,0,0,0,0,1,0,0,0,0,0,inactive,1
264,265,ZINC37376645|decoys_final|sdf|116,0,0,0,0,1,0,1,0,1,0,0,1,1,0,0,0,1,1,0,0,0,0,0,0,0,0,0,0,0,0,0,1,0,0,0,0,0,0,1,1,0,0,0,0,0,0,1,1,0,0,0,0,0,1,0,0,1,0,0,inactive,1
249,250,CHEMBL267399|actives_final|sdf|99,0,0,0,0,0,0,1,0,1,0,0,0,2,1,1,0,1,1,0,0,0,0,0,0,0,0,0,0,0,0,0,0,0,0,0,0,0,0,1,1,0,0,0,0,0,0,1,1,0,0,0,0,0,1,0,0,0,0,1,active,1
280,281,CHEMBL522271|actives_final|sdf|3,0,0,0,0,0,0,1,0,1,0,0,0,0,1,1,0,0,0,0,0,0,0,0,0,0,0,0,0,0,0,0,0,0,0,0,0,0,0,1,1,0,0,0,0,0,0,1,1,0,0,0,0,0,1,0,0,0,0,0,active,1
257,258,ZINC01682788|decoys_final|sdf|58,0,0,0,0,0,0,1,0,1,0,0,0,1,1,0,0,0,0,0,0,0,0,0,0,0,0,0,0,0,0,0,0,0,0,0,0,0,0,1,1,0,0,3,0,0,0,1,1,0,0,0,0,0,1,0,0,2,0,0,inactive,1
256,257,ZINC15442795|decoys_final|sdf|56,0,0,0,0,0,0,1,0,1,0,0,0,2,0,0,0,0,1,0,0,0,0,0,0,0,1,0,0,0,0,0,0,0,0,0,0,0,0,1,1,0,0,1,0,0,1,1,1,0,0,0,0,0,1,0,0,0,0,1,inactive,1
245,246,ZINC54495002|decoys_final|sdf|232,0,0,0,0,0,0,1,0,1,0,0,0,1,0,2,0,1,1,0,0,0,0,0,0,0,1,1,0,0,0,0,1,0,0,0,0,0,0,1,1,0,0,0,0,0,0,1,1,0,0,0,0,0,1,0,0,0,0,0,inactive,1
141,142,CHEMBL544509|actives_final|sdf|148,0,0,0,0,0,0,1,0,1,0,0,0,1,0,1,0,1,1,0,0,0,0,0,0,0,0,1,0,0,0,0,1,0,0,0,0,0,0,1,1,0,0,3,0,0,0,1,1,0,0,0,0,0,1,0,0,1,0,0,active,1
243,244,ZINC53758183|decoys_final|sdf|139,0,0,0,0,0,0,1,0,1,0,0,0,2,1,1,0,1,1,0,0,0,0,0,0,0,0,0,0,0,0,0,1,0,0,0,0,0,0,1,1,1,0,0,0,0,0,1,1,0,0,0,0,0,1,0,0,0,0,0,inactive,1
188,189,CHEMBL221333|actives_final|sdf|64,0,0,0,0,0,0,1,0,1,0,0,0,1,0,0,0,1,1,0,0,0,0,0,0,0,0,0,0,0,0,0,1,0,0,0,0,0,0,1,1,0,0,2,0,1,0,1,1,0,0,0,0,0,1,0,0,1,0,1,active,1
62,63,ZINC41653414|decoys_final|sdf|26,0,0,0,0,0,0,1,0,1,0,0,0,1,1,1,0,1,1,0,1,0,0,0,1,0,0,0,1,0,0,0,1,0,0,0,0,0,0,1,1,0,0,2,0,0,0,1,1,0,0,0,0,0,1,0,0,1,0,0,inactive,1
88,89,CHEMBL592976|actives_final|sdf|67,0,0,0,0,0,0,1,0,1,1,0,0,2,0,1,0,1,1,0,0,0,0,0,0,0,0,0,0,0,0,0,0,0,0,0,0,0,0,1,1,0,0,2,0,0,0,1,1,1,0,0,0,0,1,0,0,2,0,0,active,1
91,92,CHEMBL552680|actives_final|sdf|95,0,0,0,0,0,0,1,0,1,0,0,0,1,1,1,0,1,1,0,0,0,0,0,0,0,0,0,1,0,0,0,1,0,0,0,0,0,0,1,1,1,0,2,0,0,0,1,1,0,0,0,0,0,1,0,0,0,0,1,active,1
99,100,ZINC41059861|decoys_final|sdf|20,0,0,0,0,0,0,1,0,1,0,0,1,1,1,1,0,1,1,0,0,0,0,0,0,0,0,0,1,0,0,0,1,0,0,0,0,0,0,1,1,0,0,2,0,0,0,1,1,0,0,0,0,0,1,0,0,1,0,0,inactive,1
150,151,ZINC19779317|decoys_final|sdf|63,0,0,0,0,0,0,1,0,1,0,0,0,1,1,1,0,1,1,0,0,0,0,0,0,0,0,0,0,0,0,0,1,0,0,0,0,0,0,1,1,0,0,2,0,0,0,1,1,0,0,0,0,0,1,0,0,1,0,1,inactive,1
155,156,ZINC37376659|decoys_final|sdf|117,0,0,0,0,0,0,1,0,1,0,0,0,1,1,1,0,1,1,0,0,0,0,0,0,0,0,0,0,0,0,0,1,0,0,0,0,0,0,1,1,1,0,2,0,0,0,1,1,0,0,0,0,0,1,0,0,1,0,0,inactive,1
156,157,ZINC39111585|decoys_final|sdf|122,0,0,0,0,0,0,1,0,1,0,0,0,2,1,1,0,1,1,0,0,0,0,0,0,0,0,0,0,0,0,0,1,0,0,0,0,0,0,1,1,0,0,2,0,0,0,1,1,0,0,0,0,0,1,0,0,1,0,0,inactive,1
157,158,ZINC45809644|decoys_final|sdf|132,0,0,0,0,0,0,1,0,1,0,0,1,1,1,1,0,1,1,0,0,0,0,0,0,0,0,0,0,0,0,0,1,0,0,0,0,0,0,1,1,1,0,2,0,0,0,1,1,0,0,0,0,0,1,0,0,0,0,0,inactive,1
159,160,ZINC53757944|decoys_final|sdf|144,0,0,0,0,0,0,1,0,1,0,0,0,2,1,1,0,1,1,0,0,0,0,0,0,0,0,0,0,0,0,0,0,0,0,0,0,0,0,1,1,1,0,2,0,0,0,1,1,0,0,0,0,0,1,0,0,0,0,1,inactive,1
169,170,ZINC04277339|decoys_final|sdf|201,0,0,0,0,0,0,1,0,1,0,0,0,2,0,1,0,1,1,0,0,0,0,0,0,0,0,1,0,0,0,0,1,0,0,0,0,0,0,1,1,0,0,1,0,0,0,1,1,0,0,0,0,0,1,0,0,1,0,1,inactive,1
173,174,ZINC42394967|decoys_final|sdf|217,0,0,0,0,0,0,1,0,1,0,0,0,2,1,1,0,1,1,0,0,0,0,0,0,0,0,0,0,0,0,0,1,0,0,0,0,0,0,1,1,0,0,2,0,0,0,1,1,0,0,0,0,0,1,0,0,1,0,0,inactive,1
241,242,ZINC39136014|decoys_final|sdf|125,0,0,0,0,0,0,1,0,1,0,0,1,0,1,1,0,1,1,0,0,0,0,0,0,0,0,0,0,0,0,0,0,0,0,0,0,0,0,1,1,0,0,2,0,0,0,1,1,0,0,0,0,0,1,0,0,1,0,0,inactive,1
178,179,ZINC63056016|decoys_final|sdf|249,0,0,0,0,0,0,1,0,1,1,0,1,2,0,1,0,1,1,0,0,0,0,0,0,0,0,0,0,0,0,0,1,0,0,0,0,0,0,1,1,0,0,1,0,0,0,1,1,0,0,0,0,0,1,0,0,1,0,0,inactive,1
176,177,ZINC49711736|decoys_final|sdf|226,0,0,0,0,0,0,1,0,1,0,0,1,0,1,0,0,1,1,0,0,0,0,0,0,0,1,0,0,0,0,0,1,0,0,0,0,0,0,1,1,0,0,2,0,0,0,1,1,0,0,0,0,0,1,0,0,1,0,1,inactive,1
201,202,ZINC01598042|decoys_final|sdf|51,0,0,0,0,0,0,1,0,1,0,0,1,0,1,0,0,1,1,0,0,0,0,0,0,0,0,0,0,0,0,0,1,0,0,0,0,0,0,1,1,1,0,2,0,0,0,1,1,1,0,0,0,0,1,0,0,0,0,0,inactive,1
226,227,CHEMBL592976|actives_final|sdf|68,0,0,0,0,0,0,1,0,1,0,0,1,1,1,2,0,1,1,0,0,0,0,0,0,0,0,0,0,0,0,0,0,0,0,0,0,0,0,1,1,0,0,0,0,0,0,1,1,0,0,0,0,0,1,0,0,0,0,1,active,1
237,238,ZINC04729628|decoys_final|sdf|90,0,0,0,0,0,0,1,0,1,0,0,0,0,0,2,0,1,1,0,0,0,0,0,0,0,0,1,0,0,0,0,1,0,0,1,0,0,0,1,1,0,0,0,0,0,0,1,1,0,0,0,0,0,1,0,0,0,0,1,inactive,1
234,235,ZINC41289522|decoys_final|sdf|24,0,0,1,0,2,0,1,0,1,0,0,0,1,0,0,0,1,0,0,0,0,0,0,0,0,0,0,0,0,0,0,0,0,0,0,0,0,0,1,1,0,0,1,0,0,0,1,1,0,0,0,0,0,1,0,0,1,0,1,inactive,1
228,229,CHEMBL552680|actives_final|sdf|96,0,0,0,0,0,0,1,0,1,0,0,0,2,0,1,0,1,1,0,0,0,0,0,0,0,0,0,0,0,0,0,1,0,0,0,1,0,0,1,1,0,0,0,0,0,0,1,1,0,0,0,0,0,1,0,0,0,0,1,active,1
203,204,ZINC04343307|decoys_final|sdf|60,0,0,0,0,0,0,1,0,1,0,0,0,1,1,0,0,1,1,0,0,0,0,0,0,0,0,0,0,0,0,0,1,0,0,0,0,0,0,1,1,0,0,3,0,0,0,1,1,0,0,0,0,0,1,0,0,1,0,0,inactive,1
281,282,CHEMBL522271|actives_final|sdf|4,0,0,0,0,0,0,1,0,1,0,0,0,0,1,1,0,0,0,0,0,0,0,0,0,0,0,0,0,0,0,0,0,0,0,0,0,0,0,1,1,0,0,0,0,0,0,1,1,0,0,0,0,0,1,0,0,0,0,0,active,1
218,219,ZINC43386014|decoys_final|sdf|222,0,0,0,0,0,0,1,0,1,0,0,0,1,1,1,0,1,1,0,0,0,0,0,0,0,0,0,0,0,0,0,0,0,0,0,0,0,0,1,1,0,0,3,0,0,0,1,1,0,0,0,0,0,1,0,0,1,0,0,inactive,1
215,216,ZINC33487167|decoys_final|sdf|207,1,0,0,0,0,0,1,0,1,0,0,0,1,0,0,0,1,1,1,0,0,0,0,0,0,1,0,0,0,0,0,0,0,0,0,0,0,0,1,1,0,0,2,0,0,0,1,1,0,0,0,0,0,1,0,0,0,0,1,inactive,1
211,212,ZINC35321809|decoys_final|sdf|166,0,0,0,0,0,0,1,0,1,0,0,0,0,0,1,0,1,1,0,0,0,0,0,0,0,0,1,1,0,0,0,1,0,0,0,0,0,0,1,1,0,0,2,0,0,0,1,1,0,0,0,0,0,1,0,0,0,0,1,inactive,1
207,208,ZINC01732011|decoys_final|sdf|103,0,0,0,0,0,0,1,0,1,0,0,0,1,1,1,0,1,0,0,0,0,0,0,0,0,0,0,1,0,0,0,0,0,0,0,0,1,0,1,1,1,0,2,0,0,0,1,1,0,0,0,0,0,1,0,0,0,0,0,inactive,1
268,269,ZINC41046623|decoys_final|sdf|174,0,0,0,0,0,0,1,1,1,0,0,1,1,0,1,0,0,1,0,0,0,0,0,0,0,0,0,0,0,0,0,1,0,0,0,0,0,0,1,1,1,0,0,0,0,0,1,1,0,0,0,0,0,1,0,0,0,0,0,inactive,0
269,270,CHEMBL544509|actives_final|sdf|147,0,0,1,0,0,0,1,0,1,0,0,0,0,0,0,0,1,1,0,0,0,0,0,0,0,0,0,0,0,0,0,1,0,0,1,0,0,0,1,1,0,0,0,0,0,0,1,1,0,0,0,0,0,1,0,0,0,0,1,active,0
220,221,ZINC63772263|decoys_final|sdf|250,0,0,0,0,0,0,1,0,1,0,0,0,1,0,1,0,1,1,0,1,0,0,0,0,0,0,0,0,0,0,0,1,0,0,0,0,0,0,1,1,0,0,2,0,0,0,1,1,0,0,0,0,0,1,0,0,1,0,0,inactive,0
272,273,ZINC44713334|decoys_final|sdf|84,0,0,0,0,0,0,1,0,1,0,0,0,2,0,1,0,1,0,0,0,0,0,0,0,0,0,0,0,0,0,0,0,0,1,0,0,1,0,1,1,0,0,0,0,0,0,1,1,0,0,0,0,0,1,0,0,0,0,0,inactive,0
252,253,ZINC02004002|decoys_final|sdf|1,0,0,0,0,0,0,1,0,1,0,0,0,2,0,1,0,1,1,0,0,0,0,0,0,0,0,0,0,0,0,0,1,0,0,0,0,0,0,1,1,0,0,0,0,0,0,1,1,0,0,0,0,0,1,0,0,0,0,1,inactive,0
229,230,CHEMBL315361|actives_final|sdf|111,0,0,0,0,0,0,1,0,1,0,0,0,2,0,1,0,1,0,0,0,0,0,0,0,0,0,0,0,0,0,0,0,0,0,0,0,0,0,1,1,0,0,2,0,0,0,1,1,0,0,0,0,0,1,0,0,1,0,1,active,0
277,278,ZINC39059368|decoys_final|sdf|85,0,0,0,0,0,0,1,1,1,0,0,0,0,0,0,0,1,1,0,0,0,0,0,0,0,0,0,0,0,0,0,1,0,0,0,0,0,1,1,1,0,0,0,0,0,0,1,1,0,0,0,0,0,1,0,0,0,0,0,inactive,0
248,249,CHEMBL552680|actives_final|sdf|97,0,0,0,0,0,0,1,0,1,0,0,0,2,0,1,0,1,1,0,0,0,0,0,0,0,0,0,0,0,0,0,1,0,0,0,0,0,0,1,1,0,0,0,0,0,0,1,1,0,0,0,0,0,1,0,0,0,0,1,active,0
279,280,CHEMBL589765|actives_final|sdf|77,0,0,0,0,0,0,1,0,1,0,0,0,0,0,1,0,0,0,0,0,0,0,0,0,0,0,0,0,0,0,0,0,0,0,0,0,0,0,1,1,0,0,2,0,0,0,1,1,0,0,0,0,0,1,0,0,0,0,0,active,0
271,272,ZINC26512644|decoys_final|sdf|68,0,0,0,0,0,0,1,0,1,0,0,0,1,0,2,0,1,1,0,0,0,0,0,0,0,0,0,0,0,0,0,1,0,0,0,0,0,0,1,1,0,0,0,0,0,0,1,1,0,0,0,0,0,1,0,0,0,0,0,inactive,0
